date,number,winners,topic,cemantix,cémantix,pedantix,pédantix
2022-05-14,1,4398,Affaire Dreyfus,76,46,0,0
2022-05-15,2,6632,Nestlé,57,48,19,0
2022-05-16,3,9224,Formation et évolution du Système solaire,67,73,12,0
2022-05-17,4,13865,Strasbourg,67,77,27,0
2022-05-18,5,11130,Processeur,67,73,42,50
2022-05-19,6,12771,Empire State Building,66,61,37,57
2022-05-20,7,11447,Homophobie,54,51,49,46
2022-05-21,8,8422,Alfred Russel Wallace,43,41,49,32
2022-05-22,9,11999,Rôle du cheval dans la guerre,64,42,40,35
2022-05-23,10,13443,Magic Johnson,62,75,54,0
2022-05-24,11,14634,Émeu d'Australie,51,66,50,69
2022-05-25,12,16844,Histoire de l'Australie,50,68,41,73
2022-05-26,13,12320,Dynastie Shang,51,45,51,33
2022-05-27,14,14235,Ukrainien,64,60,51,48
2022-05-28,15,13440,Handball,54,53,48,35
2022-05-29,16,13884,Science-fiction,62,47,57,0
2022-05-30,17,15492,Nankin,50,56,56,45
2022-05-31,18,18473,Comédie musicale,80,94,57,58
2022-06-01,19,14414,Truffe (champignon),73,76,61,68
2022-06-02,20,21018,La Réunion,56,82,53,49
2022-06-03,21,18875,Munich,70,70,56,32
2022-06-04,22,16796,Nantes,52,52,41,37
2022-06-05,23,17110,Fleuve Saint-Laurent,66,70,53,38
2022-06-06,24,17769,Rage (maladie),54,47,54,41
2022-06-07,25,18383,Fonction d'onde,60,66,65,78
2022-06-08,26,20062,Constantinople,53,93,66,57
2022-06-09,27,16157,Transition de phase,85,97,86,84
2022-06-10,28,15903,Quasar,53,55,100,100
2022-06-11,29,11291,Société des Nations,48,64,71,42
2022-06-12,30,12781,Trilobita,53,40,75,55
2022-06-13,31,17638,Champ magnétique,72,96,67,56
2022-06-14,32,19528,Guerres turco-byzantines,64,72,66,43
2022-06-15,33,19068,Arts de l'Islam,56,67,70,77
2022-06-16,34,15134,Isambard Kingdom Brunel,59,74,76,59
2022-06-17,35,14006,Tourbière,60,59,78,49
2022-06-18,36,14814,Statue de la Liberté,74,54,50,37
2022-06-19,37,14940,Edward Hopper,100,100,54,36
2022-06-20,38,18482,Canoë,52,47,76,64
2022-06-21,39,18250,Os,75,88,68,65
2022-06-22,40,18152,Âne commun,66,71,61,80
2022-06-23,41,16318,Ishtar,63,62,73,44
2022-06-24,42,16918,Feu d'artifice,71,83,62,44
2022-06-25,43,15740,Sardaigne,50,39,50,0
2022-06-26,44,15468,Épée,67,55,53,33
2022-06-27,45,18186,Politique de sécurité nationale,70,65,79,65
2022-06-28,46,21147,Aigle royal,69,71,71,72
2022-06-29,47,18147,Architecture byzantine,63,75,65,73
2022-06-30,48,18905,Pokémon,61,95,78,47
2022-07-01,49,19621,Bombardements atomiques d'Hiroshima et de Nagasaki,57,61,70,57
2022-07-02,50,17410,Degré Fahrenheit,66,61,61,0
2022-07-03,51,15868,Pollution de l'eau,75,54,58,34
2022-07-04,52,20897,Bibliothèque nationale de France,71,63,68,39
2022-07-05,53,19055,Fièvre du Nil occidental,56,62,85,48
2022-07-06,54,20490,Baseball,55,71,67,69
2022-07-07,55,18687,Université Yale,50,66,77,82
2022-07-08,56,15596,Psychologie analytique,66,60,73,37
2022-07-09,57,11713,Ciment,67,42,60,36
2022-07-10,58,14039,Utopie,70,55,54,58
2022-07-11,59,20204,Squelette humain,44,39,66,97
2022-07-12,60,22021,Animal de compagnie,69,68,59,51
2022-07-13,61,18729,Karaté,48,50,63,45
2022-07-14,62,17499,Rugby à XV,43,31,58,33
2022-07-15,63,13444,Dessalement,42,35,65,30
2022-07-16,64,14820,Plongée sous-marine,58,57,42,0
2022-07-17,65,15196,Relativité restreinte,62,48,54,0
2022-07-18,66,18338,Alpinisme,62,52,64,66
2022-07-19,67,20155,Manchester,68,78,53,56
2022-07-20,68,19522,Guerre anglo-zouloue,51,48,72,50
2022-07-21,69,19508,David Lloyd George,43,45,70,40
2022-07-22,70,17002,Navire de ligne,55,52,66,64
2022-07-23,71,11375,Mexico-Tenochtitlan,60,33,57,45
2022-07-24,72,13989,Abbas Kiarostami,49,37,62,0
2022-07-25,73,18178,Xénon,55,54,69,42
2022-07-26,74,14851,Adivasis,47,41,66,41
2022-07-27,75,17202,Gdańsk,58,60,71,43
2022-07-28,76,20597,Eau de Javel,64,61,55,46
2022-07-29,77,18598,Masse volumique,54,58,56,42
2022-07-30,78,14906,Virginité,57,41,47,48
2022-07-31,79,15413,Témoins de Jéhovah,65,52,59,0
2022-08-01,80,19666,Alexandrie,58,57,51,34
2022-08-02,81,18556,Physique du solide,51,38,58,30
2022-08-03,82,20501,Stendhal,49,62,66,41
2022-08-04,83,20074,Oscars du cinéma,56,43,64,43
2022-08-05,84,15333,Art hellénistique,40,38,68,38
2022-08-06,85,12866,Projet Manhattan,72,56,67,0
2022-08-07,86,14191,Actinide,54,38,65,0
2022-08-08,87,19294,Minneapolis,57,52,63,0
2022-08-09,88,11591,Homotopie,48,56,99,53
2022-08-10,89,17942,Guerre civile du Sri Lanka,68,54,65,38
2022-08-11,90,16038,Drone,73,85,58,54
2022-08-12,91,20447,Guadeloupe,52,53,48,34
2022-08-13,92,12775,Horatio Nelson,69,52,56,0
2022-08-14,93,14221,Langage de programmation,58,38,66,37
2022-08-15,94,17900,Comédie,55,37,66,0
2022-08-16,95,18021,Triton (lune),62,38,60,34
2022-08-17,96,16220,Hernando de Soto (conquistador),71,60,60,55
2022-08-18,97,16917,Coleoptera,60,60,71,65
2022-08-19,98,14908,Organisme génétiquement modifié,79,58,71,61
2022-08-20,99,10812,Absolu (philosophie),65,48,75,39
2022-08-21,100,20370,Grèce,57,44,48,57
2022-08-22,101,23138,Tunisie,53,44,47,48
2022-08-23,102,17971,Empire khmer,63,54,67,64
2022-08-24,103,15085,Perspective (représentation),73,44,71,59
2022-08-25,104,17977,Mercure (chimie),61,43,71,46
2022-08-26,105,17866,Sulfate de sodium,66,53,70,0
2022-08-27,106,11464,Équations de Navier-Stokes,62,38,64,0
2022-08-28,107,11190,Hypertext Transfer Protocol,76,48,54,43
2022-08-29,108,19767,Noix,56,32,71,45
2022-08-30,109,19445,Race humaine,71,73,70,60
2022-08-31,110,15823,Jan Hus,63,53,69,28
2022-09-01,111,23536,Amérique,54,55,51,54
2022-09-02,112,17735,Ère de l'information,62,49,63,36
2022-09-03,113,13445,Mickey Mouse,64,50,62,0
2022-09-04,114,14583,Virus de l'immunodéficience humaine,53,37,69,32
2022-09-05,115,13789,Système dynamique,64,46,71,45
2022-09-06,116,22003,Molécule d'eau,56,48,53,29
2022-09-07,117,17500,Industrie textile,55,59,58,38
2022-09-08,118,16991,Compagnie néerlandaise des Indes orientales,62,66,58,50
2022-09-09,119,18472,Âge d'or de la peinture néerlandaise,59,47,57,50
2022-09-10,120,11801,Empire parthe,38,33,42,0
2022-09-11,121,13649,Giuseppe Garibaldi,35,29,52,36
2022-09-12,122,19223,Pretoria,51,33,57,0
2022-09-13,123,17493,Saké,46,39,60,0
2022-09-14,124,17773,Capoeira,57,50,51,39
2022-09-15,125,11272,Chaîne de Markov,64,46,74,48
2022-09-16,126,16719,Déjeuner,66,56,65,48
2022-09-17,127,13371,Johannesbourg,61,44,41,0
2022-09-18,128,14199,Faucon pèlerin,47,34,46,34
2022-09-19,129,13391,Echinodermata,51,37,64,60
2022-09-20,130,16051,Oignon,44,29,65,46
2022-09-21,131,12638,Variété (géométrie),56,46,79,56
2022-09-22,132,18627,Signe du zodiaque,51,65,60,50
2022-09-23,133,19973,Mur de Berlin,52,50,43,0
2022-09-24,134,11452,Imprimante,54,44,57,33
2022-09-25,135,14092,Tantale (chimie),46,35,46,0
2022-09-26,136,21039,La Nouvelle-Orléans,58,59,52,31
2022-09-27,137,19631,Royaumes francs,47,50,38,39
2022-09-28,138,18870,François d'Assise,49,58,54,48
2022-09-29,139,15380,Melon (plante),48,59,52,49
2022-09-30,140,12302,Glucide,54,74,56,61
2022-10-01,141,12916,Plutonium,48,36,43,0
2022-10-02,142,13452,Tapisserie de Bayeux,41,34,42,0
2022-10-03,143,15668,Psychiatrie,50,67,66,50
2022-10-04,144,15260,Cinéma indien,52,77,62,55
2022-10-05,145,17021,République romaine,55,75,70,42
2022-10-06,146,12548,Mitochondrie,55,46,58,44
2022-10-07,147,15367,Exoplanète,53,53,51,55
2022-10-08,148,9647,Procédé Haber,45,59,48,32
2022-10-09,149,13913,Pierre Bourdieu,49,42,42,32
2022-10-10,150,16951,Fréquence,49,53,48,69
2022-10-11,151,18177,Histoire de l'Irak,39,49,41,54
2022-10-12,152,16431,Dengue,51,50,53,49
2022-10-13,153,21553,Algérie,40,44,44,48
2022-10-14,154,14468,Milton Friedman,48,72,52,31
2022-10-15,155,10246,Enthalpie,45,43,42,0
2022-10-16,156,13778,Communication non verbale,45,40,38,36
2022-10-17,157,16505,New Age,39,47,65,61
2022-10-18,158,15068,Plotin,42,62,62,83
2022-10-19,159,16915,Totalitarisme,46,29,46,65
2022-10-20,160,15605,Déforestation,43,68,55,49
2022-10-21,161,15386,Lave-linge,45,48,48,39
2022-10-22,162,11519,Mythologie nordique,39,29,36,0
2022-10-23,163,14629,Tsunami,51,52,40,39
2022-10-24,164,16030,John Singer Sargent,43,30,70,48
2022-10-25,165,17349,Ursidae,44,56,47,39
2022-10-26,166,21123,Guerre de Corée,49,55,52,39
2022-10-27,167,15697,Avoine cultivée,41,36,59,40
2022-10-28,168,14948,Littérature de langue arabe,42,57,62,0
2022-10-29,169,11721,Métal alcalin,74,53,56,47
2022-10-30,170,16573,Nouvelle-Zélande,53,32,45,0
2022-10-31,171,12986,Phéniciens,62,35,57,43
2022-11-01,172,14656,Yunnan,60,31,53,0
2022-11-02,173,17263,Guitare électrique,86,56,67,33
2022-11-03,174,14979,Arc (architecture),78,69,91,52
2022-11-04,175,12960,Grégoire de Nazianze,71,55,70,48
2022-11-05,176,12065,Guerres perso-romaines,68,52,56,0
2022-11-06,177,12353,Basile de Césarée,85,57,63,0
2022-11-07,178,19689,Émile Zola,64,53,86,55
2022-11-08,179,14359,Cancer colorectal,86,57,87,60
2022-11-09,180,19027,Spider-Man,63,59,90,75
2022-11-10,181,15787,Jack Kirby,71,37,67,37
2022-11-11,182,12406,Philosophie de l'esprit,51,30,51,35
2022-11-12,183,11746,Histoire de l'Égypte,74,29,62,39
2022-11-13,184,18310,Portugal,62,39,41,47
2022-11-14,185,20821,Basques,65,43,87,29
2022-11-15,186,18862,Pompéi,61,42,86,45
2022-11-16,187,18589,Insurrection de Budapest,59,50,75,49
2022-11-17,188,16333,Camillo Cavour,59,49,65,54
2022-11-18,189,16984,Guerre de Succession d'Autriche,88,72,73,34
2022-11-19,190,13098,École normale supérieure (Paris),70,57,61,0
2022-11-20,191,15167,Arsenic,76,63,72,0
2022-11-21,192,16347,Acide borique,62,49,82,65
2022-11-22,193,15760,Nébuleuse planétaire,67,50,65,44
2022-11-23,194,16635,Bételgeuse,63,55,79,46
2022-11-24,195,17614,Allah,55,51,67,65
2022-11-25,196,17844,Québec,64,53,64,55
2022-11-26,197,9811,Langues chamito-sémitiques,69,38,53,0
2022-11-27,198,14812,Francs,59,35,49,0
2022-11-28,199,14648,Syllabe,72,87,79,86
2022-11-29,200,15474,Sorcellerie,80,55,85,42
2022-11-30,201,17557,Guerres arabo-byzantines,63,39,80,32
2022-12-01,202,15876,Végétarisme,72,63,59,68
2022-12-02,203,14686,Philosophie antique,62,46,71,32
2022-12-03,204,12386,Girafe,59,0,46,0
2022-12-04,205,15768,Château de Versailles,67,41,51,31
2022-12-05,206,16995,Bison d'Europe,72,70,75,33
2022-12-06,207,18697,Rat,58,64,79,51
2022-12-07,208,15733,Respiration,59,55,77,71
2022-12-08,209,10696,Euphorbia pulcherrima,58,52,85,75
2022-12-09,210,16810,Conflit nord-irlandais,60,32,79,56
2022-12-10,211,10560,Athlétisme,69,27,65,0
2022-12-11,212,13827,Pandémie de Covid-19,68,50,40,0
2022-12-12,213,11256,Socialisation,58,43,83,100
2022-12-13,214,17215,Le Caravage,72,67,75,59
2022-12-14,215,18128,Mois,71,71,64,36
2022-12-15,216,11838,Dust Bowl,63,59,60,60
2022-12-16,217,13466,Vélo tout-terrain,71,65,84,72
2022-12-17,218,8961,Pierre Abélard,64,43,54,0
2022-12-18,219,13776,République centrafricaine,59,64,54,0
2022-12-19,220,12254,Holothurie,52,33,81,33
2022-12-20,221,15187,Batman,60,41,79,46
2022-12-21,222,14236,Grégoire VII,62,54,71,51
2022-12-22,223,16163,Guerres d'Italie,72,59,60,0
2022-12-23,224,14705,Constitution des États-Unis,76,59,66,40
2022-12-24,225,9904,Dynastie Qin,43,0,64,0
2022-12-25,226,11404,Pur-sang,79,37,63,0
2022-12-26,227,13640,Guerre de tranchées,70,31,51,44
2022-12-27,228,13437,Cicéron,67,41,58,0
2022-12-28,229,14677,Orange (fleuve),78,52,59,30
2022-12-29,230,13960,Éolienne,65,37,67,0
2022-12-30,231,12229,Histoire du Viêt Nam,99,55,74,0
2022-12-31,232,10928,Train,84,40,66,47
2023-01-01,233,14260,Comores (pays),77,31,62,0
2023-01-02,234,13453,Wayne Gretzky,82,67,81,42
2023-01-03,235,17610,Raisin,67,43,56,39
2023-01-04,236,11513,Cybernétique,92,72,78,61
2023-01-05,237,16223,Tracteur agricole,72,68,79,39
2023-01-06,238,17067,Sirène,100,68,78,67
2023-01-07,239,13683,Île de Pâques,79,0,53,68
2023-01-08,240,15810,Empire colonial français,68,22,62,46
2023-01-09,241,19310,John Lennon,83,61,56,58
2023-01-10,242,16817,Plomb,74,100,70,84
2023-01-11,243,17200,Sainte-Sophie (Constantinople),69,58,81,59
2023-01-12,244,17731,Celtes,62,32,91,75
2023-01-13,245,14501,Époque de Heian,53,54,77,68
2023-01-14,246,13985,Bhoutan,61,37,55,0
2023-01-15,247,16965,Genève,71,58,60,0
2023-01-16,248,16778,Fossile,50,47,70,43
2023-01-17,249,17318,Acier inoxydable,81,73,64,56
2023-01-18,250,18287,Conquête normande de l'Angleterre,62,59,74,64
2023-01-19,251,12986,Réflexion (physique),60,37,83,60
2023-01-20,252,18504,Guerre de Quatre-Vingts Ans,76,52,59,44
2023-01-21,253,10997,Révolte des cipayes,72,63,56,0
2023-01-22,254,14082,Alpes scandinaves,80,45,59,47
2023-01-23,255,17528,Duel,73,80,80,64
2023-01-24,256,14977,Prisme (optique),57,55,79,81
2023-01-25,257,19573,Cubisme,77,55,68,50
2023-01-26,258,18846,Seconde guerre des Boers,56,40,62,56
2023-01-27,259,15389,Macao,65,46,72,83
2023-01-28,260,12297,Bisexualité,54,24,67,0
2023-01-29,261,14261,Kayak,59,22,62,43
2023-01-30,262,19371,Duché de Bourgogne,60,54,78,55
2023-01-31,263,17317,Taj Mahal,74,58,70,29
2023-02-01,264,16729,Art brut,63,56,72,74
2023-02-02,265,18897,Tamoul,68,30,83,64
2023-02-03,266,17781,Somalie,65,49,73,85
2023-02-04,267,13162,Léopard,57,37,67,0
2023-02-05,268,14218,Musique country,72,40,59,34
2023-02-06,269,16070,Calmar,63,49,78,67
2023-02-07,270,15530,Eugène de Savoie-Carignan,63,71,79,47
2023-02-08,271,15582,Opium,72,67,86,79
2023-02-09,272,20320,Fluor,61,56,71,60
2023-02-10,273,14835,Chronologie,62,66,67,68
2023-02-11,274,14033,Biélorussie,72,56,59,57
2023-02-12,275,15812,Formule 1,73,45,56,0
2023-02-13,276,16813,Génocide arménien,60,46,86,80
2023-02-14,277,10904,Séisme du 1er novembre 1755 à Lisbonne,59,51,81,52
2023-02-15,278,14086,Résistance (composant),74,72,92,67
2023-02-16,279,14849,Anoures,57,42,74,79
2023-02-17,280,13529,Force de Coriolis,64,53,89,64
2023-02-18,281,8995,Déterminisme,61,38,61,46
2023-02-19,282,2530,Môle (poisson),57,34,51,38
2023-02-20,283,7959,Guerre du Biafra,71,47,71,54
2023-02-21,284,12405,Rugby à XIII,57,44,73,52
2023-02-22,285,17233,Ienisseï,68,45,73,71
2023-02-23,286,16046,Raj britannique,65,64,69,61
2023-02-24,287,14848,Psychanalyse,56,40,78,55
2023-02-25,288,13999,Libye,56,31,70,42
2023-02-26,289,15244,Slaves,46,31,63,33
2023-02-27,290,17061,Sismologie,63,48,88,42
2023-02-28,291,15614,Menthe,63,62,95,86
2023-03-01,292,19075,Mario (personnage),63,68,71,63
2023-03-02,293,19825,Mékong,67,52,60,61
2023-03-03,294,13814,Trochilidae,74,75,81,83
2023-03-04,295,14066,Namibie,55,33,56,0
2023-03-05,296,14446,Dodo (oiseau),76,44,44,65
2023-03-06,297,14613,Stratigraphie,56,44,97,65
2023-03-07,298,17961,Trinité (christianisme),49,53,76,58
2023-03-08,299,16096,Bertrand Russell,68,64,83,72
2023-03-09,300,19450,Sept Merveilles du monde,75,56,78,49
2023-03-10,301,14808,Conscription,73,59,67,61
2023-03-11,302,12898,Kazakhstan,63,23,55,37
2023-03-12,303,14255,Navajos,71,33,59,48
2023-03-13,304,18986,Iode,59,51,67,34
2023-03-14,305,17637,Relativité générale,71,58,82,64
2023-03-15,306,16618,Antananarivo,70,49,63,0
2023-03-16,307,16916,Galaxie du Triangle,59,70,76,53
2023-03-17,308,14971,Patate douce,55,49,84,67
2023-03-18,309,12047,Reggae,63,44,54,54
2023-03-19,310,13722,Aconcagua,50,29,54,33
2023-03-20,311,15333,Vaccination,55,56,80,78
2023-03-21,312,16213,Échelle des temps géologiques,54,43,94,68
2023-03-22,313,15755,Musique médiévale,59,31,86,45
2023-03-23,314,14336,Pterosauria,60,47,89,77
2023-03-24,315,16051,Mythologie grecque,61,58,87,56
2023-03-25,316,11164,Symphonie no 8 de Mahler,52,50,57,0
2023-03-26,317,11006,Cholestérol,67,29,60,34
2023-03-27,318,13371,Urartu,75,81,100,94
2023-03-28,319,12517,Métrologie,62,65,90,75
2023-03-29,320,16982,Sclérose en plaques,51,49,82,91
2023-03-30,321,17556,Google,61,78,74,69
2023-03-31,322,17520,Traité de Versailles,68,70,76,55
2023-04-01,323,10397,Wikipédia,53,39,51,46
2023-04-02,324,12883,Radiothérapie,52,33,45,0
2023-04-03,325,20444,Mali,58,56,74,46
2023-04-04,326,16398,Disque dur,53,58,63,84
2023-04-05,327,19456,Élisabeth II,51,57,53,58
2023-04-06,328,13322,Puritanisme,57,47,81,58
2023-04-07,329,13995,Mouammar Kadhafi,55,50,88,73
2023-04-08,330,11987,Che Guevara,49,30,56,45
2023-04-09,331,12217,Athéna,51,21,52,46
2023-04-10,332,15965,Toronto,49,28,40,35
2023-04-11,333,16536,Pégase,54,37,74,54
2023-04-12,334,19410,Histoire de la Chine,46,40,66,48
2023-04-13,335,16616,Domitien,43,40,51,44
2023-04-14,336,15413,Otton Ier (empereur du Saint-Empire),50,49,79,57
2023-04-15,337,8723,Potentiel thermodynamique,54,34,85,44
2023-04-16,338,16389,Conquête de l'Ouest,57,27,39,0
2023-04-17,339,17843,Chimpanzé,45,27,72,51
2023-04-18,340,15557,Hicham El Guerrouj,58,54,61,47
2023-04-19,341,20072,Bretagne,38,28,57,35
2023-04-20,342,18214,Rhinocéros,57,52,60,37
2023-04-21,343,14882,Mombasa,66,34,63,41
2023-04-22,344,12724,Édouard III,44,33,45,0
2023-04-23,345,11312,Zombie,51,27,61,0
2023-04-24,346,18268,Mars (mythologie),57,54,66,40
2023-04-25,347,13849,Baliste,45,38,71,77
2023-04-26,348,19945,Maroc,57,51,64,56
2023-04-27,349,18796,Liechtenstein,98,49,47,74
2023-04-28,350,14674,Cirque,100,99,61,55
2023-04-29,351,12667,Union africaine,74,37,41,43
2023-04-30,352,13597,Cameroun,68,41,46,37
2023-05-01,353,15738,Mayotte,84,49,46,55
2023-05-02,354,17098,Sphinx,76,72,59,45
2023-05-03,355,17367,Sanglier,67,82,54,81
2023-05-04,356,16834,Berbères,81,73,62,35
2023-05-05,357,14204,Walter Scott,79,55,63,43
2023-05-06,358,7661,Essai randomisé contrôlé,61,0,67,39
2023-05-07,359,11764,Khmers rouges,59,0,44,0
2023-05-08,360,12539,Recyclage,66,41,44,57
2023-05-09,361,17767,Jean sans Terre,82,72,53,71
2023-05-10,362,15204,Cumulus,83,70,67,79
2023-05-11,363,15783,Passeport,72,38,77,72
2023-05-12,364,13695,Charrue,78,70,57,48
2023-05-13,365,10832,Arc (arme),87,37,47,37
2023-05-14,366,8459,Tantrisme,68,35,60,68
2023-05-15,367,13392,General Electric,62,34,82,72
2023-05-16,368,15869,François Rabelais,63,66,65,71
2023-05-17,369,13722,Publicité,57,68,63,71
2023-05-18,370,10093,Balance (instrument),60,36,53,38
2023-05-19,371,9763,Trouble anxieux,59,42,60,64
2023-05-20,372,8670,Transistor,77,49,64,58
2023-05-21,373,9744,Héraldique,57,31,58,63
2023-05-22,374,11898,Variable aléatoire à densité,77,65,72,88
2023-05-23,375,16975,Mont Kenya,57,33,58,51
2023-05-24,376,13852,Roch Hachana,62,39,77,62
2023-05-25,377,12677,Temple de Borobudur,71,87,67,61
2023-05-26,378,15335,Front de l'Est (Seconde Guerre mondiale),69,50,59,40
2023-05-27,379,9608,Pierre de Rosette,75,47,41,37
2023-05-28,380,8729,Angiosperme,65,42,47,84
2023-05-29,381,13224,Grégoire Ier,43,40,36,0
2023-05-30,382,12218,Particule matérielle,67,56,77,72
2023-05-31,383,17437,Liban,64,64,55,44
2023-06-01,384,15693,Aurore polaire,71,54,40,54
2023-06-02,385,11855,Blizzard (météorologie),71,50,68,59
2023-06-03,386,9473,Puissance (physique),79,47,47,0
2023-06-04,387,8995,Habitat (écologie),81,50,44,43
2023-06-05,388,11010,Transformations de Lorentz,78,54,96,100
2023-06-06,389,11914,Transformateur électrique,57,45,75,76
2023-06-07,390,13331,Rayonnement du corps noir,68,58,66,67
2023-06-08,391,10857,Diagramme de phase,55,30,67,91
2023-06-09,392,13624,Troie,65,66,57,62
2023-06-10,393,8023,Livre de Kells,54,36,53,49
2023-06-11,394,11396,Psychose (film),76,49,52,50
2023-06-12,395,12954,Principe de relativité,83,41,68,43
2023-06-13,396,15909,Vercingétorix,70,77,49,62
2023-06-14,397,11992,Méthanal,71,38,68,39
2023-06-15,398,14602,James Bond,67,47,66,55
2023-06-16,399,14770,Judo,57,0,55,44
2023-06-17,400,9830,Dubaï (ville),64,0,55,0
2023-06-18,401,11285,Nintendo,79,34,56,41
2023-06-19,402,13819,Zhou Enlai,66,0,60,72
2023-06-20,403,12669,Linux,76,63,59,57
2023-06-21,404,12746,Charia,63,62,67,76
2023-06-22,405,12446,Électrostatique,56,37,78,57
2023-06-23,406,13576,Accouchement,54,0,62,56
2023-06-24,407,6890,Assembleur,61,61,65,0
2023-06-25,408,10139,Extinction Crétacé-Paléogène,56,0,51,54
2023-06-26,409,14125,Dynastie Ming,61,40,60,61
2023-06-27,410,15331,Livre de la Genèse,51,36,51,41
2023-06-28,411,16538,Guyane,62,65,71,47
2023-06-29,412,12238,Loi normale,64,37,62,66
2023-06-30,413,9735,Ghetto,69,54,70,85
2023-07-01,414,6689,Productivité,60,53,55,60
2023-07-02,415,10670,John Keats,63,44,43,0
2023-07-03,416,16354,Venise,67,64,49,50
2023-07-04,417,12333,Polynôme,63,47,77,78
2023-07-05,418,13399,Kareem Abdul-Jabbar,56,34,65,49
2023-07-06,419,14631,Central Park,69,66,54,48
2023-07-07,420,10702,Ea (divinité),68,37,66,62
2023-07-08,421,9403,Premiers Hommes modernes en Europe,55,0,43,38
2023-07-09,422,10208,BBC,57,0,71,46
2023-07-10,423,16209,Guillaume le Conquérant,69,34,66,52
2023-07-11,424,11188,Théorie des représentations,68,52,72,80
2023-07-12,425,17265,Los Angeles,63,52,72,40
2023-07-13,426,14409,Guépard,81,70,67,61
2023-07-14,427,9030,Bollywood,87,55,53,54
2023-07-15,428,9975,Dragon de Komodo,53,0,37,0
2023-07-16,429,10172,Henry Fielding,59,0,59,0
2023-07-17,430,11952,Sassanides,73,37,72,73
2023-07-18,431,12274,Risorgimento,79,58,54,0
2023-07-19,432,12447,Université de Kyoto,71,47,86,0
2023-07-20,433,12246,Roms,82,0,66,47
2023-07-21,434,13616,Cour internationale de justice,72,63,64,45
2023-07-22,435,8426,Acide aminé,54,0,36,0
2023-07-23,436,11648,Glucose,77,60,44,44
2023-07-24,437,14699,Opéra de Sydney,77,63,69,50
2023-07-25,438,10352,Coelacanthiformes,64,56,74,84
2023-07-26,439,14751,Guerre du Péloponnèse,62,37,53,60
2023-07-27,440,13177,Mauna Loa,83,55,63,64
2023-07-28,441,15894,Berlin,86,77,52,44
2023-07-29,442,8115,Goutte (maladie),80,49,55,60
2023-07-30,443,12493,Naufrage du Titanic,79,51,51,37
2023-07-31,444,12955,Analyse vectorielle,75,62,56,35
2023-08-01,445,15614,Amour (fleuve),84,45,69,51
2023-08-02,446,10850,Bahaïsme,66,32,90,66
2023-08-03,447,12067,Scoutisme,73,0,67,82
2023-08-04,448,12517,Imagerie par résonance magnétique,99,51,88,58
2023-08-05,449,9285,Nitrate d'ammonium,98,0,36,0
2023-08-06,450,12959,Îles Canaries,75,0,45,54
2023-08-07,451,14594,Gibraltar,75,50,57,48
2023-08-08,452,13838,Social-démocratie,73,36,68,53
2023-08-09,453,11370,Brasage,77,40,86,50
2023-08-10,454,14053,Kazan,83,67,53,67
2023-08-11,455,10968,Rio Paraná,63,0,65,57
2023-08-12,456,11008,Physique nucléaire,81,41,51,0
2023-08-13,457,9804,Enregistrement sonore,67,49,61,0
2023-08-14,458,13172,Mandarin (langue),62,0,44,39
2023-08-15,459,8630,Huángdì,79,54,47,61
2023-08-16,460,14061,Orang-outan,90,43,66,46
2023-08-17,461,12373,Curium,74,48,77,63
2023-08-18,462,15080,Histoire de l'Afrique du Sud,67,54,66,41
2023-08-19,463,9053,Ménopause,75,55,72,0
2023-08-20,464,13294,Indochine française,61,0,60,46
2023-08-21,465,14895,Tomate,72,0,56,51
2023-08-22,466,13480,Groupe sanguin,87,70,61,53
2023-08-23,467,13319,Hypothèse de la nébuleuse,76,42,74,68
2023-08-24,468,18165,Équateur (pays),90,78,58,44
2023-08-25,469,16059,Attentats du 11 septembre 2001,68,52,46,44
2023-08-26,470,10363,Cinéma russe et soviétique,58,39,57,40
2023-08-27,471,14069,Haïti,64,0,48,45
2023-08-28,472,18369,Sénégal,76,52,56,50
2023-08-29,473,14979,Johannes Vermeer,59,0,59,54
2023-08-30,474,14434,Attila,85,64,65,60
2023-08-31,475,13984,Haruki Murakami,69,74,65,0
2023-09-01,476,15164,Bogota,91,72,61,37
2023-09-02,477,7967,Mystères d'Éleusis,58,0,46,0
2023-09-03,478,14439,Chicago,57,47,41,0
2023-09-04,479,12291,Fichier informatique,65,44,62,74
2023-09-05,480,15507,Seconde guerre italo-éthiopienne,73,49,61,48
2023-09-06,481,13806,Acide acétique,70,47,68,46
2023-09-07,482,16787,Orque,65,60,58,71
2023-09-08,483,11400,Teotihuacan,66,46,57,49
2023-09-09,484,9430,Conventions de Genève,69,42,43,0
2023-09-10,485,8791,Déterminant (mathématiques),68,45,59,39
2023-09-11,486,11314,Transformation de Laplace,54,57,74,55
2023-09-12,487,15708,Suzanne Lenglen,73,48,52,79
2023-09-13,488,15806,Odin,62,34,60,80
2023-09-14,489,15603,Morse (animal),65,32,51,51
2023-09-15,490,11611,Équations de Maxwell,64,56,70,64
2023-09-16,491,11197,Poisson rouge,58,44,43,0
2023-09-17,492,12566,Anubis,51,0,39,38
2023-09-18,493,14113,Guerres d'indépendance hispano-américaines,89,88,97,75
2023-09-19,494,15245,Secte,76,94,79,78
2023-09-20,495,16404,Course d'orientation,58,53,63,54
2023-09-21,496,15178,Saturn V,74,67,77,52
2023-09-22,497,16674,Macédoine du Nord,71,68,60,61
2023-09-23,498,10374,Vodka,58,43,41,37
2023-09-24,499,14739,Athènes,66,0,46,0
2023-09-25,500,18818,Rotterdam,69,62,51,46
2023-09-26,501,13522,Cactaceae,59,64,68,74
2023-09-27,502,14445,Moment d'inertie,63,56,88,73
2023-09-28,503,13465,Quartz (minéral),89,71,94,66
2023-09-29,504,16724,Victoria (reine),63,72,63,67
2023-09-30,505,9466,Castes en Inde,65,52,46,0
2023-10-01,506,12782,Dromadaire,63,0,48,63
2023-10-02,507,13397,Kumbh Mela,75,37,81,68
2023-10-03,508,14180,Intrication quantique,84,87,66,68
2023-10-04,509,13447,Élite,72,63,84,87
2023-10-05,510,12914,Quaker,65,66,75,93
2023-10-06,511,13756,Martin Heidegger,87,91,78,100
2023-10-07,512,8995,Trouble bipolaire,64,53,49,0
2023-10-08,513,10419,Mouvement social,66,43,48,43
2023-10-09,514,15559,Tianjin,69,69,77,70
2023-10-10,515,14078,Grand collisionneur de hadrons,80,83,76,87
2023-10-11,516,15399,Infarctus du myocarde,75,57,84,43
2023-10-12,517,19687,Côte d'Ivoire,74,58,63,61
2023-10-13,518,15591,Biathlon,72,87,69,53
2023-10-14,519,9602,Charbon de bois,65,45,68,40
2023-10-15,520,8345,Optimisation linéaire,53,0,58,59
2023-10-16,521,15568,Homéopathie,85,80,74,86
2023-10-17,522,13011,Parallélisme (informatique),73,59,97,79
2023-10-18,523,20492,Histoire de l'aviation,80,100,81,78
2023-10-19,524,20298,Martinique,88,75,79,47
2023-10-20,525,14129,Ethernet,77,70,70,94
2023-10-21,526,8736,Aphidoidea,67,0,54,0
2023-10-22,527,12273,Fantasy,75,45,62,40
2023-10-23,528,18439,Foudre,72,79,100,94
2023-10-24,529,20402,Boxe,44,39,53,47
2023-10-25,530,17069,Torture,65,49,69,58
2023-10-26,531,14046,Expérience de la goutte d'huile de Millikan,62,44,74,51
2023-10-27,532,18844,Coupe du monde de rugby à XV,67,44,57,44
2023-10-28,533,9313,Cellulose,46,27,42,43
2023-10-29,534,12673,Machine,54,38,37,29
2023-10-30,535,17280,Révolution russe de 1905,60,43,50,25
2023-10-31,536,16387,Skateboard,52,41,56,36
2023-11-01,537,11607,Plomberie,45,0,48,50
2023-11-02,538,18868,Vitesse du son,60,29,57,48
2023-11-03,539,17664,Oslo,50,21,46,30
2023-11-04,540,14286,Lion,61,0,46,0
2023-11-05,541,14057,Histoire de l'Éthiopie,49,0,38,0
2023-11-06,542,19815,Histoire du Pakistan,58,48,74,44
2023-11-07,543,18590,Babylone,73,83,54,48
2023-11-08,544,15983,Typhus,67,63,54,56
2023-11-09,545,19954,Programme Apollo,58,44,56,29
2023-11-10,546,15633,Cristal,51,50,69,48
2023-11-11,547,13060,Shanghai,50,0,31,46
2023-11-12,548,15215,Shiva,53,38,41,40
2023-11-13,549,20843,Martin Luther King,66,51,62,54
2023-11-14,550,21589,Sarajevo,59,60,58,49
2023-11-15,551,15064,Mouvement Massorti,59,39,76,58
2023-11-16,552,20422,Toyota,45,48,65,66
2023-11-17,553,14912,Université de Heidelberg,57,23,64,43
2023-11-18,554,11441,Fission nucléaire,57,56,47,28
2023-11-19,555,16168,Calcium,43,31,33,26
2023-11-20,556,14997,Spin,86,60,94,75
2023-11-21,557,17722,Magnitude (astronomie),59,60,70,74
2023-11-22,558,19631,Loi de probabilité,61,49,65,56
2023-11-23,559,19687,Porto Alegre,59,64,45,50
2023-11-24,560,13568,Série de Fourier,68,60,69,58
2023-11-25,561,12595,Guerre civile russe,45,26,39,0
2023-11-26,562,14161,Shabbat,54,44,38,35
2023-11-27,563,21107,Religion de la Rome antique,50,45,63,27
2023-11-28,564,21702,Torah,52,64,54,41
2023-11-29,565,17622,Nabla,61,59,74,60
2023-11-30,566,19179,Mont Saint Helens,56,45,65,40
2023-12-01,567,13066,Anasazis,66,44,67,50
2023-12-02,568,13983,Racine carrée,49,36,41,0
2023-12-03,569,14954,Musée de l'Ermitage,50,34,43,31
2023-12-04,570,19824,Johannes Brahms,47,55,56,44
2023-12-05,571,16388,Yahweh,65,47,64,76
2023-12-06,572,18514,Symbolisme (art),51,52,70,60
2023-12-07,573,17472,Rubik's Cube,65,75,50,64
2023-12-08,574,18532,Sous-marin,69,48,55,56
2023-12-09,575,11476,Shinkansen,52,36,37,53
2023-12-10,576,15994,Panthère des neiges,64,29,37,0
2023-12-11,577,17806,Espéranto,52,45,59,57
2023-12-12,578,19397,Récif corallien,56,45,56,49
2023-12-13,579,20505,Impressionnisme,61,43,55,40
2023-12-14,580,16694,État-providence,78,62,65,41
2023-12-15,581,13243,Royaume lagide,57,51,84,28
2023-12-16,582,11454,Agence spatiale européenne,56,42,43,0
2023-12-17,583,9222,Bryophyte,51,26,60,36
2023-12-18,584,19618,Jaguar,61,41,60,43
2023-12-19,585,17998,Titane,44,43,58,39
2023-12-20,586,16477,Programme Voyager,54,41,56,33
2023-12-21,587,11555,Biais de confirmation,65,61,88,74
2023-12-22,588,13637,Lydie,67,48,65,44
2023-12-23,589,10329,Oreillons,59,34,54,0
2023-12-24,590,11650,Usain Bolt,52,0,38,0
2023-12-25,591,11202,Pied (unité),62,0,56,44
2023-12-26,592,10150,Capteur,55,27,56,59
2023-12-27,593,12980,Cuisine mexicaine,73,30,65,40
2023-12-28,594,12623,Chameau de Bactriane,68,42,61,32
2023-12-29,595,15438,Vatican,66,42,50,0
2023-12-30,596,8534,Monisme,63,35,56,65
2023-12-31,597,11899,Histoire du Maroc,65,26,59,37
2024-01-01,598,11925,Huître,59,26,41,31
2024-01-02,599,14267,Chaîne Transantarctique,54,26,67,42
2024-01-03,600,19737,Amérique latine,54,27,43,0
2024-01-04,601,17566,Crimée,68,32,53,34
2024-01-05,602,13155,Réalisme (philosophie),52,40,61,47
2024-01-06,603,12705,Yom Kippour,48,28,46,31
2024-01-07,604,15489,Travail des enfants,40,0,40,36
2024-01-08,605,17470,Droit international public,44,42,62,77
2024-01-09,606,15507,Río de la Plata,70,50,58,53
2024-01-10,607,19953,Aphrodite,77,72,47,33
2024-01-11,608,18298,Argon,60,71,45,27
2024-01-12,609,19760,Alaska,81,62,72,31
2024-01-13,610,13340,Camps de concentration nazis,64,39,45,0
2024-01-14,611,10947,Écriture maya,41,27,53,39
2024-01-15,612,18270,Armand Jean du Plessis de Richelieu,78,64,89,39
2024-01-16,613,19686,Carl Lewis,64,50,60,48
2024-01-17,614,22154,Las Vegas,62,52,41,36
2024-01-18,615,14551,Soufisme,70,50,81,49
2024-01-19,616,15396,Brevet d'invention,53,53,71,52
2024-01-20,617,10153,Dualité onde-corpuscule,45,0,50,41
2024-01-21,618,12282,Botulisme,60,0,45,56
2024-01-22,619,17376,Technétium,61,39,69,59
2024-01-23,620,14723,Gymnosperme,65,54,68,63
2024-01-24,621,20175,Galaxie d'Andromède,61,53,45,31
2024-01-25,622,18305,Machu Picchu,75,70,64,37
2024-01-26,623,14713,Al-Andalus,66,71,66,49
2024-01-27,624,12446,Ispahan,44,25,53,0
2024-01-28,625,10079,Diffusion de la matière,63,25,39,43
2024-01-29,626,20298,Numération romaine,57,42,48,46
2024-01-30,627,17627,Féodalité,57,64,69,53
2024-01-31,628,15644,Hypertext Markup Language,53,43,65,65
2024-02-01,629,17105,Lanthanide,42,44,67,59
2024-02-02,630,19747,Tchad,70,84,50,44
2024-02-03,631,12291,Commerce triangulaire,65,26,42,32
2024-02-04,632,12807,Rotation (physique),67,32,38,41
2024-02-05,633,19812,Réunification allemande,52,46,72,47
2024-02-06,634,20190,Caïn,55,56,57,43
2024-02-07,635,23680,Louis IX,68,71,58,61
2024-02-08,636,17484,Moment cinétique,61,62,65,36
2024-02-09,637,16130,Lèpre,80,62,88,65
2024-02-10,638,11327,Négationnisme,66,33,47,36
2024-02-11,639,15766,Césium,73,0,36,0
2024-02-12,640,16041,Sursaut gamma,69,63,61,52
2024-02-13,641,22510,Histoire du Canada,57,73,60,56
2024-02-14,642,19570,Architecture moderne,75,58,75,72
2024-02-15,643,21787,Ulysse,61,36,53,31
2024-02-16,644,18093,Architecture romane,53,49,65,63
2024-02-17,645,14740,Monaco,45,38,36,0
2024-02-18,646,10211,Faisceau (mathématiques),47,40,41,64
2024-02-19,647,20978,Wi-Fi,75,68,70,72
2024-02-20,648,16361,Corruption,50,65,100,78
2024-02-21,649,20005,Domestication du feu,48,41,71,84
2024-02-22,650,22002,Parc national de Yellowstone,65,92,67,55
2024-02-23,651,14747,Énergie interne,58,50,71,37
2024-02-24,652,10957,Paganisme germanique,60,30,39,60
2024-02-25,653,14200,Physique statistique,50,36,53,41
2024-02-26,654,18765,Pure race espagnole,46,41,73,76
2024-02-27,655,19639,Acupuncture,74,73,62,69
2024-02-28,656,16869,Alfred North Whitehead,55,44,68,62
2024-02-29,657,21107,Lithium,47,42,43,45
2024-03-01,658,15351,Écart type,63,50,60,63
2024-03-02,659,14136,Seconde (temps),49,28,30,55
2024-03-03,660,14123,Argumentation,51,37,43,42
2024-03-04,661,17978,Tikal,71,66,71,75
2024-03-05,662,22159,Empire carolingien,69,73,65,28
2024-03-06,663,21490,Planeur,59,54,54,59
2024-03-07,664,21689,Isis,62,71,49,45
2024-03-08,665,17787,Denali,60,83,59,48
2024-03-09,666,11240,Héraclius,68,50,60,38
2024-03-10,667,14640,Industrie,48,0,50,39
2024-03-11,668,20050,General Motors,63,79,56,38
2024-03-12,669,26119,Pyrénées,55,79,70,27
2024-03-13,670,19528,Louis Riel,60,62,54,47
2024-03-14,671,18876,Euthanasie,78,100,72,67
2024-03-15,672,20519,Ozone,47,49,58,61
2024-03-16,673,13189,Pierre II (empereur du Brésil),49,47,42,0
2024-03-17,674,17608,Anvers,44,53,33,43
2024-03-18,675,19071,Alchimie,59,66,58,67
2024-03-19,676,19556,Spectre visible,68,68,84,57
2024-03-20,677,15851,Robotique industrielle,78,79,94,75
2024-03-21,678,19860,Canne à sucre,60,70,77,80
2024-03-22,679,21446,Tour Eiffel,52,45,69,37
2024-03-23,680,14322,Arménie,42,38,40,31
2024-03-24,681,17819,Violoncelle,37,49,30,34
2024-03-25,682,22764,Acide sulfurique,55,60,62,76
2024-03-26,683,20485,Tang Taizong,61,56,71,42
2024-03-27,684,21478,Nouvelle-Calédonie,87,94,55,60
2024-03-28,685,8881,Gnosticisme,81,67,90,65
2024-03-29,686,20087,Football américain,100,99,76,59
2024-03-30,687,14641,Pâques,54,34,35,37
2024-03-31,688,16542,Arc-en-ciel,67,47,38,0
2024-04-01,689,13415,Hareng rouge,60,25,48,40
2024-04-02,690,24721,Californie,64,77,64,35
2024-04-03,691,25803,C (langage),68,53,79,42
2024-04-04,692,19583,Urbanisation,55,45,72,68
2024-04-05,693,21010,Guerre des Gaules,58,64,61,59
2024-04-06,694,13767,Saint-Marin,59,29,48,0
2024-04-07,695,12953,Mont Kosciuszko,58,40,42,60
2024-04-08,696,16371,Civilisation zapotèque,66,54,63,100
2024-04-09,697,23839,Richard Nixon,61,56,69,67
2024-04-10,698,20825,Communication non verbale,77,57,70,91
2024-04-11,699,23529,Moldavie,81,83,79,0
2024-04-12,700,17147,Intelligence humaine,65,42,57,72
2024-04-13,701,11784,Opéra de Pékin,47,44,37,49
2024-04-14,702,15519,Université de Cambridge,49,28,39,0
2024-04-15,703,24182,Zimbabwe,64,37,70,64
2024-04-16,704,22014,Salomon (roi d'Israël),41,53,68,58
2024-04-17,705,19215,Identité d'Euler,70,57,58,65
2024-04-18,706,20803,Fièvre jaune,70,62,58,49
2024-04-19,707,20432,Hockey sur glace,61,38,67,56
2024-04-20,708,12384,Rijksmuseum Amsterdam,53,45,36,42
2024-04-21,709,17247,Guerre américano-mexicaine,40,28,32,0
2024-04-22,710,20071,Aubergine,50,52,69,49
2024-04-23,711,23862,Guerre d'Irak,57,56,55,38
2024-04-24,712,20620,David (Michel-Ange),57,52,57,35
2024-04-25,713,24627,Écosse,48,44,44,34
2024-04-26,714,21175,Kyoto,48,37,57,30
2024-04-27,715,13265,Maison de Médicis,49,37,49,40
2024-04-28,716,19186,Zeus,43,39,33,0
2024-04-29,717,20400,Travail,48,33,57,44
2024-04-30,718,20719,Pollution de l'air,52,47,61,59
2024-05-01,719,14649,Hangeul,39,21,42,34
2024-05-02,720,20346,Accident de la route,47,48,62,44
2024-05-03,721,20064,Buenos Aires,44,42,43,54
2024-05-04,722,14160,Dynasties du Sud et du Nord,40,29,40,35
2024-05-05,723,16895,Adverbe,39,26,34,31
2024-05-06,724,16350,"Théodora (impératrice, épouse de Justinien Ier)",48,46,63,65
2024-05-07,725,12927,Homologie (mathématiques),39,33,56,52
2024-05-08,726,11061,Influence sociale,32,28,46,44
2024-05-09,727,16495,Histoire de France,25,0,30,32
2024-05-10,728,12467,Tunnel,41,45,39,41
2024-05-11,729,12761,Guerre soviéto-polonaise,41,0,29,46
2024-05-12,730,15569,Horus,47,28,42,43
2024-05-13,731,18618,Université de Tokyo,36,33,57,53
2024-05-14,732,24171,Andorre,57,39,52,31
2024-05-15,733,19348,Siluriformes,49,34,61,46
2024-05-16,734,15903,Circulation atmosphérique,48,45,71,60
2024-05-17,735,18949,Code civil (France),60,36,57,47
2024-05-18,736,14558,Tunnel sous la Manche,38,0,34,0
2024-05-19,737,12264,Encre,41,0,40,32
2024-05-20,738,16179,Transidentité,40,0,43,24
2024-05-21,739,17478,Méningite,51,49,74,50
2024-05-22,740,15559,Supraconductivité,52,40,72,45
2024-05-23,741,21051,Encyclopédie,46,35,51,51
2024-05-24,742,18551,"Le Magicien d'Oz (film, 1939)",44,52,51,40
2024-05-25,743,13963,Océan,39,0,37,0
2024-05-26,744,13765,Architecture chinoise,35,22,36,0
2024-05-27,745,19489,Séparation des Églises d'Orient et d'Occident,44,36,55,43
2024-05-28,746,20281,Station spatiale internationale,47,52,52,45
2024-05-29,747,23448,Éléphant,40,43,63,31
2024-05-30,748,19221,Massacre de Nankin,52,33,65,51
2024-05-31,749,15029,Mollusca,45,34,67,58
2024-06-01,750,12529,Commonwealth,35,23,38,40
2024-06-02,751,16103,Koala,31,21,30,0
2024-06-03,752,15792,Nok (culture),42,45,70,59
2024-06-04,753,18387,Cunéiforme,39,38,59,33
2024-06-05,754,19950,Agriculture biologique,51,37,56,43
2024-06-06,755,13657,Porifera,49,47,80,40
2024-06-07,756,12146,Ester,48,50,74,57
2024-06-08,757,11945,Cor d'harmonie,42,22,32,0
2024-06-09,758,14755,Mont Fuji,37,36,33,0
2024-06-10,759,14886,Joseph Priestley,48,38,47,48
2024-06-11,760,18329,Titan (lune),48,42,49,53
2024-06-12,761,19039,Symphonie no 5 de Beethoven,53,48,43,46
2024-06-13,762,19014,Festival de Cannes,36,36,49,0
2024-06-14,763,15884,Iguana iguana,40,49,51,49
2024-06-15,764,10081,Beau,34,0,45,33
2024-06-16,765,8759,Plesiosauria,55,24,58,54
2024-06-17,766,14180,Tribu (ethnologie),47,47,69,47
2024-06-18,767,15266,Guérilla,51,73,61,50
2024-06-19,768,18677,Hautbois,51,51,48,41
2024-06-20,769,17031,Indice de masse corporelle,48,37,66,40
2024-06-21,770,13890,M87 (galaxie),47,33,59,41
2024-06-22,771,11450,Poids,39,21,40,29
2024-06-23,772,12517,British Library,29,0,31,46
2024-06-24,773,19221,Noël,42,35,56,23
2024-06-25,774,16537,État fédéral,41,30,45,47
2024-06-26,775,16468,Licorne,34,25,48,42
2024-06-27,776,18403,Flûte de Pan,46,26,43,29
2024-06-28,777,14327,Ur (Mésopotamie),47,27,44,40
2024-06-29,778,11371,Golf,33,24,33,0
2024-06-30,779,12112,Angkor Vat,28,0,22,27
2024-07-01,780,16994,Panda géant,32,24,42,39
2024-07-02,781,16502,Généalogie,38,25,63,33
2024-07-03,782,13245,Fond diffus cosmologique,37,0,67,39
2024-07-04,783,20848,Louis XIV,40,42,47,32
2024-07-05,784,17243,Voyage dans le temps,41,23,33,29
2024-07-06,785,12073,Calcutta,36,0,25,26
2024-07-07,786,10440,Guerres byzantino-bulgares,36,0,33,0
2024-07-08,787,18609,Saut à la perche,32,0,49,31
2024-07-09,788,17433,Noisette,40,30,56,0
2024-07-10,789,16607,Conquêtes musulmanes des Indes,39,34,54,0
2024-07-11,790,16001,Ouzbek,42,32,63,33
2024-07-12,791,11260,Durabilité,33,37,56,44
2024-07-13,792,6107,Métamatériau,31,29,38,47
2024-07-14,793,9280,Fontaine (Duchamp),35,0,42,48
2024-07-15,794,19695,Coupe du monde de football,40,21,50,27
2024-07-16,795,16048,Relations internationales,37,31,59,50
2024-07-17,796,17637,Détroit (Michigan),50,29,42,49
2024-07-18,797,13002,Royaume de Champa,41,31,59,39
2024-07-19,798,12011,Srinivasa Ramanujan,40,35,76,49
2024-07-20,799,10665,Moteur hydraulique,35,0,36,0
2024-07-21,800,11735,Métal alcalino-terreux,60,43,39,0
2024-07-22,801,17398,Formule d'Euler,43,18,50,39
2024-07-23,802,17354,Architecture gothique,35,32,54,37
2024-07-24,803,16361,Erevan,44,30,47,27
2024-07-25,804,15599,Uttar Pradesh,38,32,50,34
2024-07-26,805,17124,Luxembourg,33,22,38,24
2024-07-27,806,10868,Michael Phelps,33,0,16,0
2024-07-28,807,10081,Classicisme français,65,39,37,0
2024-07-29,808,15562,Théorème de Pythagore,39,36,39,44
2024-07-30,809,17929,Jeux olympiques d'hiver,37,25,28,0
2024-07-31,810,14313,Tramway,38,0,52,29
2024-08-01,811,13173,Force centripète,34,22,53,47
2024-08-02,812,14333,Ronaldo,49,38,29,28
2024-08-03,813,10239,Salsa,35,0,26,0
2024-08-04,814,9315,Mutilations génitales féminines,44,22,40,0
2024-08-05,815,13434,Murray (fleuve),36,38,46,35
2024-08-06,816,12502,Salouen,41,36,34,0
2024-08-07,817,11895,Puncak Jaya,44,47,33,43
2024-08-08,818,15353,100 mètres (athlétisme),48,30,29,0
2024-08-09,819,10819,Arithmétique modulaire,37,20,37,32
2024-08-10,820,8364,Guerre de Livonie,38,0,33,27
2024-08-11,821,7700,Enzyme,44,31,38,43
2024-08-12,822,13528,Nauru,42,21,43,25
2024-08-13,823,12505,John Churchill (1er duc de Marlborough),35,19,31,0
2024-08-14,824,16873,Guerre d'Espagne,32,31,33,0
2024-08-15,825,10468,Han (ethnie),31,0,24,25
2024-08-16,826,12840,Gratte-ciel,30,26,34,0
2024-08-17,827,10349,Herpès,39,0,33,0
2024-08-18,828,11151,Barrage d'Itaipu,38,0,31,0
2024-08-19,829,14653,Orage,35,21,56,27
2024-08-20,830,16538,Trois Glorieuses,33,31,45,36
2024-08-21,831,16342,Cantonais,37,22,36,39
2024-08-22,832,14818,Gamal Abdel Nasser,43,33,44,34
2024-08-23,833,13433,Chiroptera,36,28,43,44
2024-08-24,834,9980,Android,38,0,31,0
2024-08-25,835,11236,Samarcande,54,43,26,27
2024-08-26,836,15505,Révolution nationale indonésienne,44,37,44,27
2024-08-27,837,19331,Bolivie,46,32,34,0
2024-08-28,838,18626,Anne Frank,45,47,41,31
2024-08-29,839,18966,Seattle,42,25,32,24
2024-08-30,840,15268,Osiris,52,25,46,0
2024-08-31,841,10400,Ganymède (lune),45,0,31,0
2024-09-01,842,13423,Ornithorynque,41,0,23,27
2024-09-02,843,14776,Pigment,38,29,46,68
2024-09-03,844,17071,Manifestations de la place Tian'anmen,36,33,49,35
2024-09-04,845,12823,Renseignement,39,24,53,35
2024-09-05,846,15382,Physique au-delà du modèle standard,43,42,44,33
2024-09-06,847,14773,(1) Cérès,42,29,48,48
2024-09-07,848,9313,Averroès,37,0,31,29
2024-09-08,849,14822,Hip-hop,45,22,23,0
2024-09-09,850,14072,Francisco de Goya,62,42,69,41
2024-09-10,851,16263,Révolution philippine,46,43,46,39
2024-09-11,852,17611,Énergie hydroélectrique,50,34,42,48
2024-09-12,853,17729,Produit intérieur brut,41,40,41,54
2024-09-13,854,15715,Tachkent,38,21,42,43
2024-09-14,855,9658,Étrusques,34,29,32,0
2024-09-15,856,12487,Jackson Pollock,36,0,28,0
2024-09-16,857,16593,Atmosphère (unité),44,33,49,47
2024-09-17,858,16870,Gravure,61,80,59,63
2024-09-18,859,15952,Élie,36,35,60,38
2024-09-19,860,19465,Symphonie no 9 de Beethoven,53,43,47,44
2024-09-20,861,16384,Tortue,43,29,43,40
2024-09-21,862,11517,Krach de 1929,39,0,22,32
2024-09-22,863,12608,Stoïcisme,45,0,27,0
2024-09-23,864,16251,Empreinte génétique,48,59,61,58
2024-09-24,865,18700,Intoxication alimentaire,56,46,56,65
2024-09-25,866,22214,Parthénon,58,54,65,53
2024-09-26,867,28002,Groenland,77,74,68,40
2024-09-27,868,20989,Audrey Hepburn,58,57,77,64
2024-09-28,869,14876,Caféine,85,45,52,25
2024-09-29,870,20288,Roi Arthur,93,29,57,39
2024-09-30,871,22797,Brocoli,88,74,75,47
2024-10-01,872,19447,Osmose,74,65,87,73
2024-10-02,873,23526,Boson de Higgs,83,84,74,56
2024-10-03,874,24837,Navette spatiale américaine,83,64,78,85
2024-10-04,875,16835,Inductance,81,76,100,66
2024-10-05,876,19156,Guerre du Pacifique,66,28,46,38
2024-10-06,877,19041,Mangrove,64,52,70,59
2024-10-07,878,28444,Éclipse,67,65,97,84
2024-10-08,879,30367,Bucarest,90,100,85,74
2024-10-09,880,22583,Séquence principale,93,79,95,100
2024-10-10,881,19580,Cyanobacteriota,100,83,94,91
2024-10-11,882,30067,Mer Noire,74,73,73,42
2024-10-12,883,16201,Goths,60,39,49,68
2024-10-13,884,19069,Violence,86,53,79,52
2024-10-14,885,22500,Transnistrie (État),78,90,89,86
2024-10-15,886,31608,Troisième Reich,73,85,77,65
2024-10-16,887,27726,Ultrason,74,67,80,66
2024-10-17,888,27186,Lycanthrope,63,79,75,85
2024-10-18,889,21443,Acte de langage,62,57,51,57
2024-10-19,890,15889,Douleur,37,25,36,26
2024-10-20,891,24888,Lisbonne,39,33,32,18
2024-10-21,892,22918,Biome,54,68,60,64
2024-10-22,893,30479,Moustique,49,61,79,66
2024-10-23,894,30050,Enid Blyton,48,28,74,50
2024-10-24,895,35505,Histoire de l'Autriche,57,86,64,47
2024-10-25,896,30565,Première guerre sino-japonaise,52,66,50,45
2024-10-26,897,18048,Code Morse international,36,0,50,46
2024-10-27,898,26077,Inuits,36,31,45,35
2024-10-28,899,25330,Aérodynamique,35,35,78,58
2024-10-29,900,26070,Mustafa Kemal Atatürk,55,70,57,48
2024-10-30,901,22409,Suite des protocoles Internet,52,45,71,47
2024-10-31,902,17421,Synapsida,40,20,78,66
2024-11-01,903,15715,Levier (mécanique),35,31,41,39
2024-11-02,904,17359,Croissance économique,36,27,41,31
2024-11-03,905,17092,Pornographie,32,25,52,45
2024-11-04,906,22296,Ukiyo-e,42,46,55,40
2024-11-05,907,26538,Manta (genre),37,43,60,53
2024-11-06,908,31189,Clint Eastwood,35,49,47,43
2024-11-07,909,32547,Séville,42,62,35,37
2024-11-08,910,21903,Transport par câble,38,50,52,52
2024-11-09,911,17850,Edgar Allan Poe,28,34,39,31
2024-11-10,912,21949,Gabon,30,21,37,18
2024-11-11,913,22070,Rhétorique,34,28,38,41
2024-11-12,914,29815,Siamois (chat),33,26,53,43
2024-11-13,915,31985,Héraclès,42,41,75,51
2024-11-14,916,32113,George Lucas,53,65,64,51
2024-11-15,917,27990,Charles XIV Jean,52,56,51,40
2024-11-16,918,15632,Domesticité,30,22,46,50
2024-11-17,919,24037,Gaz noble,34,32,46,33
2024-11-18,920,32001,Soufre,35,48,64,43
2024-11-19,921,35755,San Diego,46,70,45,37
2024-11-20,922,34389,Pomme,49,70,73,41
2024-11-21,923,26791,Carl Gustav Jung,42,72,61,46
2024-11-22,924,23392,Hannibal Barca,53,63,66,65
2024-11-23,925,21358,"2001, l'Odyssée de l'espace",29,21,35,0
2024-11-24,926,21060,Panthéisme,33,29,41,38
2024-11-25,927,23968,Déformation élastique,58,76,100,74
2024-11-26,928,24705,Blanc,58,79,98,57
2024-11-27,929,27755,Apiculture,43,62,70,52
2024-11-28,930,30785,Metropolitan Museum of Art,40,57,58,41
2024-11-29,931,21541,Holodomor,47,60,69,53
2024-11-30,932,16807,Astrologie,31,20,32,29
2024-12-01,933,23838,Économie de l'Union européenne,31,26,36,30
2024-12-02,934,29515,Naissance des étoiles,36,50,60,55
2024-12-03,935,26184,Famille Brontë,51,83,66,54
2024-12-04,936,27632,Appareil respiratoire,37,45,54,55
2024-12-05,937,28585,Pentecôte,48,73,60,53
2024-12-06,938,26096,Saumon,47,58,53,42
2024-12-07,939,15850,Cervelet,23,26,49,0
2024-12-08,940,24095,Prague,33,25,26,23
2024-12-09,941,31292,Canberra,31,49,61,36
2024-12-10,942,27745,Tchétchénie,35,57,67,59
2024-12-11,943,24567,Filtration,36,49,67,59
2024-12-12,944,24688,Microsoft Windows,36,34,60,55
2024-12-13,945,20683,Menelik II,44,65,64,54
2024-12-14,946,16660,Commerce en ligne,27,0,35,53
2024-12-15,947,15576,Épigénétique,38,24,43,39
2024-12-16,948,27223,Io (lune),35,59,52,51
2024-12-17,949,28156,Édimbourg,37,60,57,44
2024-12-18,950,17892,Alternance de générations,37,40,81,60
2024-12-19,951,28882,Vitesse,40,56,57,62
2024-12-20,952,20677,Théorie des probabilités,36,42,53,44
2024-12-21,953,16801,Diamant,35,42,55,27
2024-12-22,954,17905,Benazir Bhutto,43,29,44,31
2024-12-23,955,19493,Avalanche,41,30,63,28
2024-12-24,956,13323,Coordonnées polaires,30,27,46,33
2024-12-25,957,17260,Inflation,31,24,45,0
2024-12-26,958,15704,Citrus ×paradisi,25,22,43,34
2024-12-27,959,12887,Prédation,40,32,72,59
2024-12-28,960,13587,Théorèmes d'incomplétude de Gödel,33,26,49,37
2024-12-29,961,15735,Magie (surnaturel),36,19,37,43
2024-12-30,962,18699,Nicolas de Myre,31,0,45,40
2024-12-31,963,14993,Hajj,29,0,27,31
2025-01-01,964,15966,Moldavie (région historique),34,19,47,19
2025-01-02,965,20679,National Aeronautics and Space Administration,25,24,47,22
2025-01-03,966,19114,Artillerie,30,29,44,39
2025-01-04,967,18838,Robert Oppenheimer,24,0,39,26
2025-01-05,968,18583,Travailleur social,35,25,47,35
2025-01-06,969,25830,Camion,30,31,44,52
2025-01-07,970,29943,Cuba,35,46,62,41
2025-01-08,971,23751,Clip,43,50,60,47
2025-01-09,972,30263,Maladie d'Alzheimer,36,47,59,38
2025-01-10,973,22583,Philosophie indienne,37,45,58,52
2025-01-11,974,16857,Rachel Carson,25,0,39,32
2025-01-12,975,16518,Khazars,28,0,47,43
2025-01-13,976,23272,Zoroastrisme,40,42,71,61
2025-01-14,977,23404,Théorie de Galois,39,59,67,78
2025-01-15,978,29979,Gênes,47,52,68,62
2025-01-16,979,24312,Java (langage),33,43,67,51
2025-01-17,980,21748,Principe d'incertitude,43,45,61,61
2025-01-18,981,19974,Attaque de Pearl Harbor,25,17,30,27
2025-01-19,982,24971,Belgrade,27,18,37,27
2025-01-20,983,25587,Période Yayoi,35,40,63,50
2025-01-21,984,38551,Dollar américain,37,44,59,36
2025-01-22,985,28951,Naine blanche,40,42,58,49
2025-01-23,986,20879,Bilateria,39,40,71,86
2025-01-24,987,11205,Modernité comportementale,51,72,94,100
2025-01-25,988,15890,Felidae,34,26,43,36
2025-01-26,989,21518,Shoah,33,21,48,37
2025-01-27,990,22530,Coccinellidae,47,66,59,60
2025-01-28,991,27173,Géothermie,36,43,74,52
2025-01-29,992,28384,Antonio Vivaldi,45,64,51,40
2025-01-30,993,27981,Planète naine,43,42,45,41
2025-01-31,994,21609,Travail d'une force,46,46,66,54
2025-02-01,995,16893,Histoire des ordinateurs,29,30,31,37
2025-02-02,996,18204,Poulie,29,31,33,43
2025-02-03,997,24809,Dopage (sport),34,29,52,91
2025-02-04,998,24044,Morphologie (linguistique),38,51,61,80
2025-02-05,999,34614,Barcelone,57,50,40,51
2025-02-06,1000,32785,1000,56,68,50,69
2025-02-07,1001,26975,Jimi Hendrix,79,80,55,64
2025-02-08,1002,20449,Aliénor d'Aquitaine,51,30,29,33
2025-02-09,1003,20054,Symon Petlioura,35,19,39,33
2025-02-10,1004,27768,Frison (cheval),50,55,53,75
2025-02-11,1005,28786,Configuration électronique,54,55,45,65
2025-02-12,1006,36134,Montréal,63,79,51,37
2025-02-13,1007,36485,J. R. R. Tolkien,60,75,40,42
2025-02-14,1008,32245,Suède,61,62,36,39
2025-02-15,1009,20093,Cléopâtre VII,28,25,24,0
2025-02-16,1010,21279,Îles Kouriles,28,0,32,33
2025-02-17,1011,28746,Birman (langue),54,68,41,67
2025-02-18,1012,30681,Acoustique,56,56,40,54
2025-02-19,1013,34182,Rayon X,69,46,41,68
2025-02-20,1014,31056,Migraine,63,53,43,62
2025-02-21,1015,26544,Ganesh,74,77,42,51
2025-02-22,1016,17142,Malais (langue),38,26,35,31
2025-02-23,1017,27015,Guerres de Religion (France),36,31,31,22
2025-02-24,1018,29572,Vivien Leigh,71,77,37,59
2025-02-25,1019,31417,Guerres médiques,57,79,42,59
2025-02-26,1020,28168,Cinématique,46,58,43,58
2025-02-27,1021,35378,Boston,57,84,38,53
2025-02-28,1022,22819,Labyrinthe,55,68,52,80
2025-03-01,1023,16305,Planète mineure,36,40,28,44
2025-03-02,1024,18815,Traumatisme majeur,40,33,23,47
2025-03-03,1025,29703,Placenta,55,53,61,84
2025-03-04,1026,29015,Rosa Parks,58,68,44,64
2025-03-05,1027,32270,Échecs,57,63,37,57
2025-03-06,1028,27381,Genévrier,49,45,54,100
2025-03-07,1029,23719,Handicap mental,61,67,49,63
2025-03-08,1030,19381,Autoroute,33,31,25,35
2025-03-09,1031,27531,Jean-Jacques Rousseau,38,30,19,19
2025-03-10,1032,26136,Système d'unités de Planck,58,69,55,82
2025-03-11,1033,34695,Magnésium,69,79,54,74
2025-03-12,1034,34110,Chimie nucléaire,65,75,46,58
2025-03-13,1035,35241,Guerre anglo-américaine de 1812,69,79,28,50
2025-03-14,1036,30037,Albert Camus,67,77,41,56
2025-03-15,1037,18881,Accord (musique),54,25,34,41
2025-03-16,1038,24188,Hippopotamus amphibius,49,37,26,35
2025-03-17,1039,32448,Charles Dickens,53,54,43,65
2025-03-18,1040,21553,Dinophyta,72,88,63,96
2025-03-19,1041,31813,Cerf élaphe,71,83,60,97
2025-03-20,1042,28835,Hallucination,71,72,58,88
2025-03-21,1043,23600,Guillaume Ier d'Orange-Nassau,83,66,56,76
2025-03-22,1044,16881,Suse (Iran),52,43,32,38
2025-03-23,1045,24374,Parc zoologique,48,0,22,33
2025-03-24,1046,29948,Vanille,59,61,63,73
2025-03-25,1047,28936,Microéconomie,97,99,51,99
2025-03-26,1048,32842,Vallée du Grand Rift,94,92,46,76
2025-03-27,1049,29372,Rosier,97,100,58,87
2025-03-28,1050,28104,Pelote basque,77,57,45,76
2025-03-29,1051,18059,Produit scalaire,60,42,32,46
2025-03-30,1052,23606,Mouvement américain des droits civiques,43,29,27,50
2025-03-31,1053,29267,Civilisation minoenne,85,77,52,67
2025-04-01,1054,26223,Canular,69,72,64,98
2025-04-02,1055,35794,Marrakech,100,80,48,53
2025-04-03,1056,29112,Boson,85,74,50,55
2025-04-04,1057,25597,Facebook,80,58,47,81
2025-04-05,1058,15280,Dynastie Jin (265-420),50,39,28,27
2025-04-06,1059,18846,Pétrarque,45,30,27,44
2025-04-07,1060,24810,Utilitarisme,54,56,43,71
2025-04-08,1061,34552,Abidjan,71,86,29,46
2025-04-09,1062,33382,Halloween,54,60,36,36
2025-04-10,1063,33268,Hergé,63,59,36,32
2025-04-11,1064,27887,Commune de Paris,67,70,35,48
2025-04-12,1065,16082,Anorexie mentale,36,0,27,50
2025-04-13,1066,23952,Révolution,33,29,27,31
2025-04-14,1067,36096,Amsterdam,48,42,26,39
2025-04-15,1068,28498,Réseau social,51,59,48,52
2025-04-16,1069,32222,Badminton,49,35,61,70
2025-04-17,1070,26261,Tique,75,54,79,78
2025-04-18,1071,23593,Histoire du Nigeria,70,53,76,74
2025-04-19,1072,18911,Guerre de Troie,50,26,40,38
2025-04-20,1073,16815,Décibel,51,36,42,40
2025-04-21,1074,21204,Société civile,38,33,44,43
2025-04-22,1075,30550,Crise financière mondiale de 2007-2008,63,56,63,42
2025-04-23,1076,30423,Beagle,67,68,57,44
2025-04-24,1077,24253,Famille Rothschild,64,39,67,85
2025-04-25,1078,18116,Benzodiazépine,84,77,66,78
2025-04-26,1079,18402,Parc national de Yosemite,40,21,47,26
2025-04-27,1080,21904,Hongrois,41,24,39,47
2025-04-28,1081,30835,Loutre de mer,58,40,70,63
2025-04-29,1082,29913,Allaitement maternel,58,40,71,57
2025-04-30,1083,25665,Apple,55,45,55,47
2025-05-01,1084,21657,Vésuve,30,21,27,0
2025-05-02,1085,19277,Lipide,41,23,58,51
2025-05-03,1086,20634,Séoul,32,29,36,31
2025-05-04,1087,16670,Visualisation de données,32,0,56,80
2025-05-05,1088,30136,Superman,100,86,64,69
2025-05-06,1089,26498,Époque hellénistique,82,63,56,58
2025-05-07,1090,24858,Communauté des États indépendants,68,43,59,69
2025-05-08,1091,23624,Clarinette,39,17,36,26
2025-05-09,1092,21514,Art japonais,56,48,38,38
2025-05-10,1093,14473,Espérance mathématique,34,29,43,48
2025-05-11,1094,18132,Calcul des variations,39,25,37,43
2025-05-12,1095,28013,Restaurant,58,46,73,49
2025-05-13,1096,23519,Mohammad Reza Pahlavi,55,51,49,63
2025-05-14,1097,22812,Franc-maçonnerie,54,44,58,84
2025-05-15,1098,24333,Ambre,53,45,60,67
2025-05-16,1099,24177,Western,57,65,56,58
2025-05-17,1100,13735,William Hogarth,34,19,41,47
2025-05-18,1101,22700,Albanie,33,37,26,22
2025-05-19,1102,30198,Mouton,49,45,44,40
2025-05-20,1103,24301,Augustin d'Hippone,59,56,49,64
2025-05-21,1104,28097,Orénoque,64,54,48,52
2025-05-22,1105,28733,Dérivée,50,39,56,46
2025-05-23,1106,23762,Taekwondo,57,60,50,67
2025-05-24,1107,16975,Lynx,29,19,40,21
2025-05-25,1108,23092,Néerlandais,35,21,31,0
2025-05-26,1109,29705,Marilyn Monroe,46,43,38,51
2025-05-27,1110,23024,Gestion des déchets,53,37,74,97
2025-05-28,1111,22383,Akkadien,54,42,50,73
2025-05-29,1112,14983,Thoutmôsis Ier,33,25,39,37
2025-05-30,1113,16186,Pessa'h,38,19,54,47
2025-05-31,1114,14144,République de Sakha,30,0,29,50
2025-06-01,1115,15113,Comportementalisme,27,16,34,44
2025-06-02,1116,26182,Histoire de l'Irak,37,48,62,58
2025-06-03,1117,26677,Art déco,56,52,49,44
2025-06-04,1118,27829,Apollon,55,30,53,42
2025-06-05,1119,23602,Nô,48,41,68,64
2025-06-06,1120,22037,Donald Duck,43,36,52,43
2025-06-07,1121,14218,Sagrada Família,32,26,46,36
2025-06-08,1122,18133,Musée d'Orsay,34,18,24,32
2025-06-09,1123,22461,Bamako,33,32,29,0
2025-06-10,1124,20253,Condensat de Bose-Einstein,31,33,62,50
2025-06-11,1125,23541,Escargot,32,38,59,61
2025-06-12,1126,22584,Équation différentielle ordinaire,42,28,70,54
2025-06-13,1127,18805,Performance (art),36,33,65,68
2025-06-14,1128,12371,Code génétique,19,0,56,50
2025-06-15,1129,20547,Washington (district de Columbia),29,27,41,29
2025-06-16,1130,12509,Capétiens,43,37,47,49
2025-06-17,1131,21941,Pinatubo,39,33,51,54
2025-06-18,1132,23188,Synagogue,38,32,62,42
2025-06-19,1133,27000,Bloc de l'Est,45,27,62,44
2025-06-20,1134,22826,Art roman,47,23,74,42
2025-06-21,1135,14721,Marche à pied,27,21,28,37
2025-06-22,1136,14711,Siphonaptera,29,16,43,43
2025-06-23,1137,22033,Périclès,43,39,69,49
2025-06-24,1138,19366,Palais de Dioclétien,41,42,69,65
2025-06-25,1139,21054,El Niño,42,41,50,49
2025-06-26,1140,20364,Cigarette,40,25,79,48
2025-06-27,1141,18181,Leif Erikson,43,19,64,54
2025-06-28,1142,7688,Dynastie Hồng Bàng,31,0,56,30
2025-06-29,1143,16859,Barbe Noire,22,0,35,27
2025-06-30,1144,19032,Polymère,32,29,67,52
2025-07-01,1145,27513,Togo,27,30,46,24
2025-07-02,1146,22832,Snowboard,34,33,53,50
2025-07-03,1147,17964,Réfraction,39,37,60,53
2025-07-04,1148,19433,George Orwell,35,31,62,40
2025-07-05,1149,13884,Chlorure de sodium,24,0,31,27
2025-07-06,1150,20229,Basques,29,33,27,24
2025-07-07,1151,18351,Nicolae Ceaușescu,34,28,46,34
2025-07-08,1152,19975,Recensement de la population,31,29,46,72
2025-07-09,1153,23637,George III,36,23,40,36
2025-07-10,1154,18695,Type spectral,32,30,57,40
2025-07-11,1155,23505,Pérou,38,36,33,28
2025-07-12,1156,13751,New Deal,30,20,38,0
2025-07-13,1157,13850,Acide gras,24,0,26,35
2025-07-14,1158,17249,Amerigo Vespucci,23,14,22,22
2025-07-15,1159,21576,Rio Madeira,26,26,49,22
2025-07-16,1160,22632,Rosée,37,29,51,46
2025-07-17,1161,26421,Toulouse,39,40,39,27
2025-07-18,1162,22926,Empire allemand,33,23,52,28
2025-07-19,1163,12523,Civilisation mycénienne,35,0,48,33
2025-07-20,1164,14137,Guerre des Deux-Roses,31,40,39,34
2025-07-21,1165,18652,Mystique,26,30,66,66
2025-07-22,1166,24290,Sierra Nevada (États-Unis),33,23,58,55
2025-07-23,1167,22749,Végétarisme,29,26,54,38
2025-07-24,1168,18799,Ole Einar Bjørndalen,39,28,54,60
2025-07-25,1169,16816,Mittani,34,23,61,49
2025-07-26,1170,16110,Kinshasa,17,0,38,20
2025-07-27,1171,16924,Safran (épice),34,17,26,39
2025-07-28,1172,22654,Printemps arabe,36,35,47,41
2025-07-29,1173,24949,Honoré de Balzac,37,32,47,36
2025-07-30,1174,23806,Œuf (aliment),33,33,62,33
2025-07-31,1175,20377,Babylone (civilisation),37,26,43,33
2025-08-01,1176,23321,Dallas,35,30,52,35
2025-08-02,1177,12521,Espace euclidien,25,0,43,34
2025-08-03,1178,14601,Muhammad Ali Jinnah,25,15,38,23
2025-08-04,1179,17864,Indice de réfraction,33,38,51,58
2025-08-05,1180,23267,Guernica (Picasso),31,25,41,38
2025-08-06,1181,20375,Capacité thermique,29,19,57,34
2025-08-07,1182,16903,Manuel Ier Comnène,39,45,45,48
2025-08-08,1183,16743,Tenzin Gyatso,40,29,57,0
2025-08-09,1184,12140,Décalage vers le rouge,28,23,46,33
2025-08-10,1185,18896,Ontario,27,0,51,27
2025-08-11,1186,21244,Chute de Constantinople,37,26,47,25
2025-08-12,1187,19491,Période des Royaumes combattants,40,29,46,48
2025-08-13,1188,20210,Bonobo,32,24,58,44
2025-08-14,1189,19984,Ordre du Temple,37,27,67,38
2025-08-15,1190,12724,Région HII,36,18,41,30
2025-08-16,1191,19698,Corée du Nord,21,0,27,40
2025-08-17,1192,15422,Point de Lagrange,26,0,54,36
2025-08-18,1193,22676,Mérovingiens,35,32,49,43
2025-08-19,1194,25102,Région wallonne,27,30,45,25
2025-08-20,1195,27235,Bulgarie,36,41,44,41
2025-08-21,1196,27282,Rhin,34,34,36,30
2025-08-22,1197,22419,Histoire de l'Écosse,29,22,50,30
2025-08-23,1198,15711,Fantôme,23,0,48,29
2025-08-24,1199,18398,Curitiba,31,17,39,31
2025-08-25,1200,24629,Mammouth,35,25,53,40
2025-08-26,1201,21330,Halogène,29,22,100,71
2025-08-27,1202,22393,Espace vectoriel,35,30,52,61
2025-08-28,1203,25451,Révolution russe,43,41,49,24
2025-08-29,1204,15414,Polarisation (optique),51,34,70,47
2025-08-30,1205,12541,Élam,29,23,45,38
2025-08-31,1206,17954,Moyenne,27,17,42,39
2025-09-01,1207,21314,Sanskrit,33,23,54,55
2025-09-02,1208,21309,Ninive,43,25,48,44
2025-09-03,1209,22193,Uruk,41,40,58,53
2025-09-04,1210,21698,Cuirassé,39,33,57,52
2025-09-05,1211,18026,Biocarburant,33,27,64,66
2025-09-06,1212,14767,Jus,31,17,35,27
2025-09-07,1213,16402,Yiddish,36,33,32,37
2025-09-08,1214,24543,Printemps de Prague,37,25,50,72
2025-09-09,1215,27009,Metal,40,28,58,45
2025-09-10,1216,20912,Yohannes IV,38,35,67,53
2025-09-11,1217,23012,Bicarbonate de sodium,61,58,72,35
2025-09-12,1218,15962,Mèdes,51,35,65,53
2025-09-13,1219,11219,Joaquim Maria Machado de Assis,28,25,46,36
2025-09-14,1220,17209,Empathie,24,23,36,35
2025-09-15,1221,30229,Finlande,47,48,48,52
2025-09-16,1222,27432,Royaume du Kongo,56,58,62,51
2025-09-17,1223,25391,Grand Bond en avant,56,51,72,60
2025-09-18,1224,30152,Kiev,43,54,43,52
2025-09-19,1225,24388,Vin,47,57,60,33
2025-09-20,1226,11148,Économétrie,30,21,39,35
2025-09-21,1227,23705,Lyon,29,17,24,22
2025-09-22,1228,28498,Unification allemande,46,43,58,53
2025-09-23,1229,34479,Naples,38,46,62,44
2025-09-24,1230,28492,Moineau domestique,60,68,46,73
2025-09-25,1231,29293,Cleveland,64,60,65,54
2025-09-26,1232,22683,Pierre Ier (empereur du Brésil),77,76,49,54
2025-09-27,1233,15951,Vénus de Milo,37,25,38,19
2025-09-28,1234,16159,Sylviculture,31,20,43,38
2025-09-29,1235,28762,Otto von Bismarck,44,67,61,79
2025-09-30,1236,35032,Le Cap,68,74,62,75
2025-10-01,1237,30379,Championnat d'Angleterre de football,73,100,56,62
2025-10-02,1238,33205,Henri II (roi d'Angleterre),60,77,51,44
2025-10-03,1239,30342,François Ier (roi de France),80,91,52,27
2025-10-04,1240,17386,Apartheid,43,26,37,23
2025-10-05,1241,19882,Organisation de coopération et de développement économiques,41,18,28,39
2025-10-06,1242,28875,Souris (informatique),67,70,62,81
2025-10-07,1243,27601,Graffiti,72,85,100,81
2025-10-08,1244,32694,Maladie de Lyme,82,76,78,100
2025-10-09,1245,33090,Chlore,66,60,69,58
2025-10-10,1246,22612,Edmund Hillary,80,87,73,84
2025-10-11,1247,15113,Alces alces,27,30,47,29
2025-10-12,1248,23952,Basket-ball,30,24,32,19
2025-10-13,1249,38966,Nombre d'or,57,52,52,42
2025-10-14,1250,33644,Muay-thaï,60,47,69,63
2025-10-15,1251,32707,Braille,72,57,69,65
2025-10-16,1252,32096,Loi binomiale,60,42,83,70
2025-10-17,1253,29711,Tennis de table,73,63,52,63
2025-10-18,1254,20194,Islande,34,26,23,24
2025-10-19,1255,22071,Sionisme,30,19,43,33
2025-10-20,1256,27140,Petite Ourse,60,41,66,74
2025-10-21,1257,34145,Escalade,76,59,66,58
2025-10-22,1258,30353,Soin infirmier,78,50,72,81
2025-10-23,1259,28447,Réseau électrique,73,54,79,76
2025-10-24,1260,22859,Diode électroluminescente,69,51,66,61
2025-10-25,1261,18257,Météorologie,34,24,37,38
2025-10-26,1262,21762,Tango (danse),51,21,27,24
2025-10-27,1263,21397,Lentinula edodes,47,28,78,59
2025-10-28,1264,30066,Achille,45,30,59,44
2025-10-29,1265,25995,Révolution verte,37,36,65,43
2025-10-30,1266,21784,Chloroplaste,58,27,67,52
2025-10-31,1267,21153,Histoire de la sociologie,49,27,74,60
2025-11-01,1268,14370,Noam Chomsky,36,24,52,76
2025-11-02,1269,20897,Exponentielle de base a,37,26,43,28
2025-11-03,1270,31631,Flûte traversière,87,76,59,56
2025-11-04,1271,33282,Premier Empire bulgare,79,64,62,65
2025-11-05,1272,36303,Violon,79,69,57,44
2025-11-06,1273,38471,Fée,72,60,59,62
2025-11-07,1274,23664,Urartu,75,45,78,78
2025-11-08,1275,14610,Chiffrement,35,28,63,40
