date,number,winners,page,pédantix,pedantix,cémantix,cemantix,is_holiday
2022-05-14,1,4398,Affaire Dreyfus,0.0,3.0,8.0,73.0,False
2022-05-15,2,6632,Nestlé,0.0,6.0,7.0,56.0,False
2022-05-16,3,9224,Formation et évolution du Système solaire,0.0,6.0,12.0,69.0,False
2022-05-17,4,13865,Strasbourg,3.0,8.0,12.0,66.0,False
2022-05-18,5,11130,Processeur,4.0,12.0,12.0,65.0,False
2022-05-19,6,12771,Empire State Building,6.0,11.0,12.0,63.0,False
2022-05-20,7,11447,Homophobie,4.0,14.0,8.0,54.0,False
2022-05-21,8,8422,Alfred Russel Wallace,0.0,15.0,7.0,42.0,False
2022-05-22,9,11999,Rôle du cheval dans la guerre,3.0,11.0,7.0,62.0,False
2022-05-23,10,13443,Magic Johnson,3.0,17.0,13.0,60.0,False
2022-05-24,11,14634,Émeu d'Australie,5.0,15.0,11.0,49.0,False
2022-05-25,12,16844,Histoire de l'Australie,6.0,13.0,11.0,50.0,False
2022-05-26,13,12320,Dynastie Shang,0.0,13.0,8.0,50.0,False
2022-05-27,14,14235,Ukrainien,4.0,16.0,9.0,64.0,False
2022-05-28,15,13440,Handball,0.0,14.0,10.0,52.0,False
2022-05-29,16,13884,Science-fiction,3.0,16.0,6.0,60.0,False
2022-05-30,17,15492,Nankin,4.0,18.0,9.0,50.0,False
2022-05-31,18,18473,Comédie musicale,4.0,17.0,17.0,80.0,False
2022-06-01,19,14414,Truffe (champignon),6.0,19.0,12.0,71.0,False
2022-06-02,20,21018,La Réunion,4.0,18.0,13.0,55.0,False
2022-06-03,21,18875,Munich,4.0,15.0,12.0,68.0,False
2022-06-04,22,16796,Nantes,6.0,12.0,10.0,52.0,False
2022-06-05,23,17110,Fleuve Saint-Laurent,0.0,14.0,9.0,63.0,False
2022-06-06,24,17769,Rage (maladie),3.0,15.0,8.0,52.0,False
2022-06-07,25,18383,Fonction d'onde,7.0,19.0,11.0,58.0,False
2022-06-08,26,20062,Constantinople,5.0,18.0,14.0,54.0,False
2022-06-09,27,16157,Transition de phase,6.0,24.0,18.0,85.0,False
2022-06-10,28,15903,Quasar,6.0,27.0,10.0,53.0,False
2022-06-11,29,11291,Société des Nations,3.0,21.0,9.0,50.0,False
2022-06-12,30,12781,Trilobita,3.0,21.0,7.0,55.0,False
2022-06-13,31,17638,Champ magnétique,4.0,19.0,15.0,70.0,False
2022-06-14,32,19528,Guerres turco-byzantines,4.0,18.0,12.0,63.0,False
2022-06-15,33,19068,Arts de l'Islam,6.0,20.0,11.0,58.0,False
2022-06-16,34,15134,Isambard Kingdom Brunel,5.0,24.0,11.0,59.0,False
2022-06-17,35,14006,Tourbière,4.0,22.0,10.0,60.0,False
2022-06-18,36,14814,Statue de la Liberté,5.0,14.0,7.0,74.0,False
2022-06-19,37,14940,Edward Hopper,0.0,16.0,17.0,100.0,False
2022-06-20,38,18482,Canoë,5.0,23.0,9.0,53.0,False
2022-06-21,39,18250,Os,5.0,21.0,13.0,73.0,False
2022-06-22,40,18152,Âne commun,6.0,17.0,11.0,67.0,False
2022-06-23,41,16318,Ishtar,5.0,20.0,11.0,63.0,False
2022-06-24,42,16918,Feu d'artifice,4.0,18.0,14.0,72.0,False
2022-06-25,43,15740,Sardaigne,0.0,14.0,6.0,50.0,False
2022-06-26,44,15468,Épée,3.0,15.0,9.0,66.0,False
2022-06-27,45,18186,Politique de sécurité nationale,4.0,23.0,11.0,70.0,False
2022-06-28,46,21147,Aigle royal,7.0,20.0,12.0,70.0,False
2022-06-29,47,18147,Architecture byzantine,4.0,21.0,11.0,63.0,False
2022-06-30,48,18905,Pokémon,4.0,23.0,15.0,62.0,False
2022-07-01,49,19621,Bombardements atomiques d'Hiroshima et de Nagasaki,5.0,21.0,10.0,55.0,False
2022-07-02,50,17410,Degré Fahrenheit,0.0,16.0,9.0,65.0,False
2022-07-03,51,15868,Pollution de l'eau,4.0,17.0,9.0,75.0,False
2022-07-04,52,20897,Bibliothèque nationale de France,4.0,20.0,12.0,71.0,False
2022-07-05,53,19055,Fièvre du Nil occidental,4.0,24.0,11.0,55.0,False
2022-07-06,54,20490,Baseball,5.0,18.0,12.0,53.0,True
2022-07-07,55,18687,Université Yale,5.0,21.0,9.0,49.0,True
2022-07-08,56,15596,Psychologie analytique,4.0,21.0,14.0,67.0,True
2022-07-09,57,11713,Ciment,4.0,15.0,5.0,68.0,True
2022-07-10,58,14039,Utopie,0.0,16.0,9.0,69.0,True
2022-07-11,59,20204,Squelette humain,6.0,21.0,9.0,43.0,True
2022-07-12,60,22021,Animal de compagnie,5.0,17.0,11.0,68.0,True
2022-07-13,61,18729,Karaté,4.5,19.5,9.0,54.0,True
2022-07-14,62,17499,Rugby à XV,0.0,22.0,6.0,57.0,True
2022-07-15,63,13444,Dessalement,4.0,25.0,7.0,56.0,True
2022-07-16,64,14820,Plongée sous-marine,0.0,17.0,12.0,74.0,True
2022-07-17,65,15196,Relativité restreinte,0.0,18.0,9.0,80.0,True
2022-07-18,66,18338,Alpinisme,7.0,25.0,11.0,79.0,True
2022-07-19,67,20155,Manchester,5.0,22.0,16.0,88.0,True
2022-07-20,68,19522,Guerre anglo-zouloue,4.0,28.0,11.0,68.0,True
2022-07-21,69,19508,David Lloyd George,7.0,24.0,8.0,56.0,True
2022-07-22,70,17002,Navire de ligne,6.0,26.0,11.0,70.0,True
2022-07-23,71,11375,Mexico-Tenochtitlan,6.0,21.0,7.0,79.0,True
2022-07-24,72,13989,Abbas Kiarostami,7.0,24.0,7.0,60.0,True
2022-07-25,73,18178,Xénon,7.0,27.0,11.0,72.0,True
2022-07-26,74,14851,Adivasis,5.0,26.0,9.0,62.0,True
2022-07-27,75,17202,Gdańsk,3.0,25.0,12.0,74.0,True
2022-07-28,76,20597,Eau de Javel,5.0,19.0,14.0,83.0,True
2022-07-29,77,18598,Masse volumique,4.0,21.0,13.0,71.0,True
2022-07-30,78,14906,Virginité,4.0,17.0,8.0,73.0,True
2022-07-31,79,15413,Témoins de Jéhovah,0.0,22.0,12.0,86.0,True
2022-08-01,80,19666,Alexandrie,5.0,18.0,13.0,75.0,True
2022-08-02,81,18556,Physique du solide,4.0,20.0,9.0,65.0,True
2022-08-03,82,20501,Stendhal,4.0,23.0,13.0,65.0,True
2022-08-04,83,20074,Oscars du cinéma,6.0,24.0,9.0,72.0,True
2022-08-05,84,15333,Art hellénistique,6.0,27.0,9.0,50.0,True
2022-08-06,85,12866,Projet Manhattan,4.0,24.0,12.0,93.0,True
2022-08-07,86,14191,Actinide,5.0,27.0,9.0,70.0,True
2022-08-08,87,19294,Minneapolis,0.0,24.0,10.0,74.0,True
2022-08-09,88,11591,Homotopie,6.0,37.0,13.0,62.0,True
2022-08-10,89,17942,Guerre civile du Sri Lanka,4.0,25.0,11.0,86.0,True
2022-08-11,90,16038,Drone,6.0,20.0,18.0,98.0,True
2022-08-12,91,20447,Guadeloupe,4.0,19.0,10.0,66.0,True
2022-08-13,92,12775,Horatio Nelson,0.0,22.0,11.0,89.0,True
2022-08-14,93,14221,Langage de programmation,5.0,24.0,10.0,74.0,True
2022-08-15,94,17900,Comédie,0.0,23.0,8.0,72.0,True
2022-08-16,95,18021,Triton (lune),3.0,26.0,8.0,79.0,True
2022-08-17,96,16220,Hernando de Soto (conquistador),5.0,23.0,12.0,88.0,True
2022-08-18,97,16917,Coleoptera,5.0,28.0,12.0,78.0,True
2022-08-19,98,14908,Organisme génétiquement modifié,6.0,27.0,12.0,100.0,True
2022-08-20,99,10812,Absolu (philosophie),4.0,29.0,10.0,86.0,True
2022-08-21,100,20370,Grèce,5.0,17.0,12.0,76.0,True
2022-08-22,101,23138,Tunisie,4.0,19.0,11.0,66.0,True
2022-08-23,102,17971,Empire khmer,8.0,25.0,12.0,82.0,True
2022-08-24,103,15085,Perspective (représentation),7.0,27.0,9.0,94.0,True
2022-08-25,104,17977,Mercure (chimie),5.0,26.0,8.0,78.0,True
2022-08-26,105,17866,Sulfate de sodium,4.0,27.0,11.0,83.0,True
2022-08-27,106,11464,Équations de Navier-Stokes,0.0,24.0,8.0,80.0,True
2022-08-28,107,11190,Hypertext Transfer Protocol,4.0,24.0,12.0,97.0,True
2022-08-29,108,19767,Noix,5.0,25.0,6.0,72.0,True
2022-08-30,109,19445,Race humaine,6.0,26.0,15.0,91.0,True
2022-08-31,110,15823,Jan Hus,4.0,28.0,12.0,82.0,True
2022-09-01,111,23536,Amérique,5.0,20.0,12.0,69.0,True
2022-09-02,112,17735,Ère de l'information,4.0,24.0,12.0,79.0,False
2022-09-03,113,13445,Mickey Mouse,5.0,21.0,10.0,84.0,False
2022-09-04,114,14583,Virus de l'immunodéficience humaine,0.0,24.0,6.0,67.0,False
2022-09-05,115,13789,Système dynamique,5.0,26.0,10.0,83.0,False
2022-09-06,116,22003,Molécule d'eau,4.0,19.0,11.0,70.0,False
2022-09-07,117,17500,Industrie textile,5.0,22.0,12.0,71.0,False
2022-09-08,118,16991,Compagnie néerlandaise des Indes orientales,6.0,23.0,16.0,79.0,False
2022-09-09,119,18472,Âge d'or de la peinture néerlandaise,6.0,20.0,10.0,72.0,False
2022-09-10,120,11801,Empire parthe,0.0,18.0,7.0,51.0,False
2022-09-11,121,13649,Giuseppe Garibaldi,4.0,19.0,7.0,49.0,False
2022-09-12,122,19223,Pretoria,0.0,20.0,8.0,69.0,False
2022-09-13,123,17493,Saké,0.0,23.0,9.0,59.0,False
2022-09-14,124,17773,Capoeira,5.0,20.0,14.0,76.0,False
2022-09-15,125,11272,Chaîne de Markov,4.0,28.0,11.0,84.0,False
2022-09-16,126,16719,Déjeuner,6.0,24.0,11.0,85.0,False
2022-09-17,127,13371,Johannesbourg,0.0,16.0,10.0,78.0,False
2022-09-18,128,14199,Faucon pèlerin,5.0,17.0,7.0,64.0,False
2022-09-19,129,13391,Echinodermata,6.0,25.0,11.0,67.0,False
2022-09-20,130,16051,Oignon,6.0,24.0,9.0,57.0,False
2022-09-21,131,12638,Variété (géométrie),5.0,32.0,12.0,73.0,False
2022-09-22,132,18627,Signe du zodiaque,6.0,22.0,11.0,66.0,False
2022-09-23,133,19973,Mur de Berlin,6.0,15.0,12.0,67.0,False
2022-09-24,134,11452,Imprimante,0.0,21.0,8.0,68.0,False
2022-09-25,135,14092,Tantale (chimie),0.0,19.0,9.0,59.0,False
2022-09-26,136,21039,La Nouvelle-Orléans,5.0,20.0,11.0,73.0,False
2022-09-27,137,19631,Royaumes francs,5.0,15.0,11.0,58.0,False
2022-09-28,138,18870,François d'Assise,5.0,22.0,11.0,64.0,False
2022-09-29,139,15380,Melon (plante),6.0,20.0,12.0,65.0,False
2022-09-30,140,12302,Glucide,4.0,20.0,14.0,70.0,False
2022-10-01,141,12916,Plutonium,0.0,19.0,7.0,64.0,False
2022-10-02,142,13452,Tapisserie de Bayeux,0.0,17.0,8.0,54.0,False
2022-10-03,143,15668,Psychiatrie,6.0,27.0,14.0,63.0,False
2022-10-04,144,15260,Cinéma indien,5.0,23.0,17.0,69.0,False
2022-10-05,145,17021,République romaine,7.0,26.0,16.0,71.0,False
2022-10-06,146,12548,Mitochondrie,6.0,20.0,11.0,73.0,False
2022-10-07,147,15367,Exoplanète,6.0,20.0,11.0,67.0,False
2022-10-08,148,9647,Procédé Haber,4.0,17.0,12.0,59.0,False
2022-10-09,149,13913,Pierre Bourdieu,0.0,17.0,10.5,68.5,False
2022-10-10,150,16951,Fréquence,9.0,22.0,12.0,81.0,False
2022-10-11,151,18177,Histoire de l'Irak,11.0,17.0,14.0,62.0,False
2022-10-12,152,16431,Dengue,8.0,28.0,14.0,81.0,False
2022-10-13,153,21553,Algérie,5.0,22.0,12.0,65.0,False
2022-10-14,154,14468,Milton Friedman,6.0,25.0,20.0,75.0,False
2022-10-15,155,10246,Enthalpie,0.0,17.0,10.0,74.0,False
2022-10-16,156,13778,Communication non verbale,0.0,18.0,10.0,68.0,False
2022-10-17,157,16505,New Age,7.0,32.0,10.0,62.0,False
2022-10-18,158,15068,Plotin,11.0,28.0,14.0,69.0,False
2022-10-19,159,16915,Totalitarisme,9.0,24.0,8.0,72.0,False
2022-10-20,160,15605,Déforestation,6.0,29.0,16.0,69.0,False
2022-10-21,161,15386,Lave-linge,5.0,22.0,15.0,73.0,False
2022-10-22,162,11519,Mythologie nordique,0.0,17.0,5.0,64.0,True
2022-10-23,163,14629,Tsunami,0.0,19.0,11.0,83.0,True
2022-10-24,164,16030,John Singer Sargent,7.0,31.0,10.0,70.0,True
2022-10-25,165,17349,Ursidae,6.0,22.0,13.0,68.0,True
2022-10-26,166,21123,Guerre de Corée,6.0,24.0,12.0,77.0,True
2022-10-27,167,15697,Avoine cultivée,5.0,27.0,12.0,65.0,True
2022-10-28,168,14948,Littérature de langue arabe,6.0,24.0,13.0,69.0,True
2022-10-29,169,11721,Métal alcalin,0.0,18.0,11.0,74.0,True
2022-10-30,170,16573,Nouvelle-Zélande,0.0,14.0,6.0,54.0,True
2022-10-31,171,12986,Phéniciens,0.0,23.0,8.0,65.0,True
2022-11-01,172,14656,Yunnan,0.0,19.0,7.0,61.0,True
2022-11-02,173,17263,Guitare électrique,6.0,23.0,11.0,87.0,True
2022-11-03,174,14979,Arc (architecture),9.0,29.0,13.0,80.0,True
2022-11-04,175,12960,Grégoire de Nazianze,6.0,22.0,11.0,73.0,True
2022-11-05,176,12065,Guerres perso-romaines,0.0,21.0,11.0,69.0,True
2022-11-06,177,12353,Basile de Césarée,0.0,23.0,13.0,87.0,True
2022-11-07,178,19689,Émile Zola,8.0,25.0,11.0,65.0,True
2022-11-08,179,14359,Cancer colorectal,8.0,27.0,13.0,85.0,False
2022-11-09,180,19027,Spider-Man,11.0,33.0,13.0,63.0,False
2022-11-10,181,15787,Jack Kirby,5.0,21.0,10.0,70.0,False
2022-11-11,182,12406,Philosophie de l'esprit,6.0,17.0,6.0,49.0,False
2022-11-12,183,11746,Histoire de l'Égypte,5.0,24.0,7.0,75.0,False
2022-11-13,184,18310,Portugal,6.0,16.0,7.0,61.0,False
2022-11-14,185,20821,Basques,6.0,30.0,7.0,63.0,False
2022-11-15,186,18862,Pompéi,7.0,25.0,10.0,62.0,False
2022-11-16,187,18589,Insurrection de Budapest,7.0,25.0,9.0,59.0,False
2022-11-17,188,16333,Camillo Cavour,8.0,20.0,10.0,56.0,False
2022-11-18,189,16984,Guerre de Succession d'Autriche,6.0,24.0,13.0,89.0,False
2022-11-19,190,13098,École normale supérieure (Paris),0.0,21.0,12.0,70.0,False
2022-11-20,191,15167,Arsenic,0.0,20.0,11.0,79.0,False
2022-11-21,192,16347,Acide borique,8.0,27.0,11.0,62.0,False
2022-11-22,193,15760,Nébuleuse planétaire,7.0,24.0,13.0,66.0,False
2022-11-23,194,16635,Bételgeuse,5.0,28.0,12.0,64.0,False
2022-11-24,195,17614,Allah,7.0,22.0,12.0,57.0,False
2022-11-25,196,17844,Québec,7.0,22.0,10.0,65.0,False
2022-11-26,197,9811,Langues chamito-sémitiques,4.0,20.0,9.0,71.0,False
2022-11-27,198,14812,Francs,0.0,17.0,7.0,59.0,False
2022-11-28,199,14648,Syllabe,9.0,27.0,15.0,71.0,False
2022-11-29,200,15474,Sorcellerie,0.0,28.0,13.0,86.0,False
2022-11-30,201,17557,Guerres arabo-byzantines,4.0,27.0,9.0,63.0,False
2022-12-01,202,15876,Végétarisme,11.0,23.0,13.0,72.0,False
2022-12-02,203,14686,Philosophie antique,9.0,26.0,8.0,62.0,False
2022-12-03,204,12386,Girafe,0.0,16.0,0.0,60.0,False
2022-12-04,205,15768,Château de Versailles,0.0,17.0,7.0,70.0,False
2022-12-05,206,16995,Bison d'Europe,5.0,24.0,14.0,72.0,False
2022-12-06,207,18697,Rat,8.0,27.0,13.0,58.0,False
2022-12-07,208,15733,Respiration,11.0,23.0,11.0,61.0,False
2022-12-08,209,10696,Euphorbia pulcherrima,9.0,27.0,9.0,61.0,False
2022-12-09,210,16810,Conflit nord-irlandais,7.0,26.0,8.0,60.0,False
2022-12-10,211,10560,Athlétisme,0.0,19.0,7.0,71.0,False
2022-12-11,212,13827,Pandémie de Covid-19,0.0,16.0,13.0,67.0,False
2022-12-12,213,11256,Socialisation,11.0,30.0,10.0,61.0,False
2022-12-13,214,17215,Le Caravage,7.0,25.0,14.0,74.0,False
2022-12-14,215,18128,Mois,5.0,21.0,12.0,74.0,False
2022-12-15,216,11838,Dust Bowl,7.0,21.0,12.0,66.0,False
2022-12-16,217,13466,Vélo tout-terrain,11.0,29.0,13.0,71.0,False
2022-12-17,218,8961,Pierre Abélard,0.0,17.0,9.0,65.0,True
2022-12-18,219,13776,République centrafricaine,0.0,18.0,10.0,56.0,True
2022-12-19,220,12254,Holothurie,5.0,22.0,6.0,52.0,True
2022-12-20,221,15187,Batman,6.0,24.0,8.0,62.0,True
2022-12-21,222,14236,Grégoire VII,4.0,25.0,11.0,61.0,True
2022-12-22,223,16163,Guerres d'Italie,0.0,19.0,12.0,73.0,True
2022-12-23,224,14705,Constitution des États-Unis,0.0,19.0,10.0,77.0,True
2022-12-24,225,9904,Dynastie Qin,0.0,21.0,0.0,42.0,True
2022-12-25,226,11404,Pur-sang,0.0,22.0,7.0,80.0,True
2022-12-26,227,13640,Guerre de tranchées,5.0,22.0,7.0,71.0,True
2022-12-27,228,13437,Cicéron,4.0,17.0,9.0,71.0,True
2022-12-28,229,14677,Orange (fleuve),0.0,19.0,11.0,76.0,True
2022-12-29,230,13960,Éolienne,0.0,20.0,8.0,66.0,True
2022-12-30,231,12229,Histoire du Viêt Nam,6.0,22.0,13.0,100.0,True
2022-12-31,232,10928,Train,0.0,21.0,10.0,85.0,True
2023-01-01,233,14260,Comores (pays),0.0,22.0,8.0,75.0,True
2023-01-02,234,13453,Wayne Gretzky,8.0,23.0,11.0,81.0,True
2023-01-03,235,17610,Raisin,8.0,21.5,7.0,68.5,True
2023-01-04,236,11513,Cybernétique,8.0,26.0,14.0,94.0,False
2023-01-05,237,16223,Tracteur agricole,6.0,26.0,12.0,75.0,False
2023-01-06,238,17067,Sirène,8.0,27.0,14.0,100.0,False
2023-01-07,239,13683,Île de Pâques,0.0,18.0,7.0,76.0,False
2023-01-08,240,15810,Empire colonial français,6.0,23.0,9.0,69.0,False
2023-01-09,241,19310,John Lennon,7.0,18.0,15.0,87.0,False
2023-01-10,242,16817,Plomb,9.0,22.0,18.0,76.0,False
2023-01-11,243,17200,Sainte-Sophie (Constantinople),7.0,28.0,11.0,68.0,False
2023-01-12,244,17731,Celtes,10.0,31.0,9.0,64.0,False
2023-01-13,245,14501,Époque de Heian,9.0,24.0,10.0,59.0,False
2023-01-14,246,13985,Bhoutan,0.0,20.0,8.0,63.0,False
2023-01-15,247,16965,Genève,0.0,18.0,9.0,73.0,False
2023-01-16,248,16778,Fossile,5.0,23.0,9.0,56.0,False
2023-01-17,249,17318,Acier inoxydable,7.0,20.0,16.0,82.0,False
2023-01-18,250,18287,Conquête normande de l'Angleterre,9.0,25.0,12.0,66.0,False
2023-01-19,251,12986,Réflexion (physique),9.0,23.0,8.0,62.0,False
2023-01-20,252,18504,Guerre de Quatre-Vingts Ans,6.0,22.0,10.0,78.0,False
2023-01-21,253,10997,Révolte des cipayes,0.0,19.0,10.0,75.0,False
2023-01-22,254,14082,Alpes scandinaves,6.0,18.0,14.0,80.0,False
2023-01-23,255,17528,Duel,6.0,27.0,14.0,77.0,False
2023-01-24,256,14977,Prisme (optique),10.0,28.0,10.0,58.0,False
2023-01-25,257,19573,Cubisme,7.0,23.0,12.0,80.0,False
2023-01-26,258,18846,Seconde guerre des Boers,8.0,20.0,11.0,58.0,False
2023-01-27,259,15389,Macao,11.0,25.0,10.0,65.0,False
2023-01-28,260,12297,Bisexualité,0.0,22.0,4.0,56.0,False
2023-01-29,261,14261,Kayak,0.0,19.0,7.0,62.0,False
2023-01-30,262,19371,Duché de Bourgogne,9.0,26.0,12.0,57.0,False
2023-01-31,263,17317,Taj Mahal,6.0,22.0,13.0,75.0,False
2023-02-01,264,16729,Art brut,8.0,26.0,11.0,64.0,False
2023-02-02,265,18897,Tamoul,8.0,28.0,6.0,69.0,False
2023-02-03,266,17781,Somalie,12.0,25.0,12.0,66.0,False
2023-02-04,267,13162,Léopard,6.0,22.0,9.0,60.0,True
2023-02-05,268,14218,Musique country,0.0,20.0,8.0,75.0,True
2023-02-06,269,16070,Calmar,8.0,26.0,11.0,64.0,True
2023-02-07,270,15530,Eugène de Savoie-Carignan,8.0,28.0,11.0,66.0,True
2023-02-08,271,15582,Opium,12.0,30.0,14.0,73.0,True
2023-02-09,272,20320,Fluor,11.0,25.0,13.0,62.0,True
2023-02-10,273,14835,Chronologie,9.0,23.0,13.0,61.0,True
2023-02-11,274,14033,Biélorussie,5.0,19.0,12.0,75.0,True
2023-02-12,275,15812,Formule 1,0.0,22.0,11.0,76.0,True
2023-02-13,276,16813,Génocide arménien,10.0,29.0,10.0,61.0,True
2023-02-14,277,10904,Séisme du 1er novembre 1755 à Lisbonne,7.0,28.0,10.0,60.0,True
2023-02-15,278,14086,Résistance (composant),10.0,28.0,15.0,78.0,True
2023-02-16,279,14849,Anoures,10.0,27.0,9.0,58.0,True
2023-02-17,280,13529,Force de Coriolis,9.0,30.0,13.0,65.0,True
2023-02-18,281,8995,Déterminisme,7.0,23.0,7.0,63.0,True
2023-02-19,282,2530,Môle (poisson),0.0,16.0,7.0,58.0,True
2023-02-20,283,7959,Guerre du Biafra,8.0,24.0,13.0,71.0,True
2023-02-21,284,12405,Rugby à XIII,8.0,26.0,9.0,57.0,True
2023-02-22,285,17233,Ienisseï,8.0,24.0,10.0,69.0,True
2023-02-23,286,16046,Raj britannique,7.0,24.0,13.0,67.0,True
2023-02-24,287,14848,Psychanalyse,8.0,23.0,8.0,59.0,True
2023-02-25,288,13999,Libye,0.0,22.0,5.0,53.0,True
2023-02-26,289,15244,Slaves,5.0,22.0,6.0,49.0,True
2023-02-27,290,17061,Sismologie,7.0,28.0,11.0,66.0,True
2023-02-28,291,15614,Menthe,9.0,30.0,15.0,64.0,True
2023-03-01,292,19075,Mario (personnage),9.0,26.0,12.0,65.0,True
2023-03-02,293,19825,Mékong,6.0,21.0,10.0,68.0,True
2023-03-03,294,13814,Trochilidae,11.0,26.0,16.0,77.0,True
2023-03-04,295,14066,Namibie,0.0,17.0,6.0,57.0,True
2023-03-05,296,14446,Dodo (oiseau),9.0,17.0,9.0,77.0,True
2023-03-06,297,14613,Stratigraphie,8.0,31.0,11.0,60.0,True
2023-03-07,298,17961,Trinité (christianisme),8.0,25.0,11.0,52.0,False
2023-03-08,299,16096,Bertrand Russell,10.0,27.0,13.0,72.0,False
2023-03-09,300,19450,Sept Merveilles du monde,7.0,27.0,12.0,76.0,False
2023-03-10,301,14808,Conscription,8.0,23.0,12.0,77.0,False
2023-03-11,302,12898,Kazakhstan,5.0,18.0,7.0,65.0,False
2023-03-12,303,14255,Navajos,5.0,19.0,7.0,69.0,False
2023-03-13,304,18986,Iode,6.0,23.0,10.0,59.0,False
2023-03-14,305,17637,Relativité générale,9.0,26.0,10.0,70.0,False
2023-03-15,306,16618,Antananarivo,7.0,22.0,12.0,72.0,False
2023-03-16,307,16916,Galaxie du Triangle,6.0,27.0,14.0,59.0,False
2023-03-17,308,14971,Patate douce,10.0,27.0,11.0,57.0,False
2023-03-18,309,12047,Reggae,6.0,16.0,10.0,64.0,False
2023-03-19,310,13722,Aconcagua,0.0,16.0,7.0,53.0,False
2023-03-20,311,15333,Vaccination,9.0,27.0,13.0,57.0,False
2023-03-21,312,16213,Échelle des temps géologiques,10.0,29.0,9.0,60.0,False
2023-03-22,313,15755,Musique médiévale,7.0,31.0,9.0,57.0,False
2023-03-23,314,14336,Pterosauria,10.0,30.0,11.0,61.0,False
2023-03-24,315,16051,Mythologie grecque,8.0,30.0,11.0,64.0,False
2023-03-25,316,11164,Symphonie no 8 de Mahler,0.0,19.0,9.0,54.0,False
2023-03-26,317,11006,Cholestérol,5.0,20.0,5.0,66.0,False
2023-03-27,318,13371,Urartu,13.0,32.0,16.0,74.0,False
2023-03-28,319,12517,Métrologie,12.0,27.0,15.0,66.0,False
2023-03-29,320,16982,Sclérose en plaques,12.0,26.0,10.0,52.0,False
2023-03-30,321,17556,Google,11.0,24.0,15.0,65.0,False
2023-03-31,322,17520,Traité de Versailles,8.0,25.0,14.0,68.0,False
2023-04-01,323,10397,Wikipédia,6.0,17.0,7.0,50.0,False
2023-04-02,324,12883,Radiothérapie,7.0,16.0,8.0,55.0,False
2023-04-03,325,20444,Mali,9.0,30.0,14.0,76.0,False
2023-04-04,326,16398,Disque dur,13.5,28.5,16.5,66.0,False
2023-04-05,327,19456,Élisabeth II,13.0,28.0,16.0,79.0,False
2023-04-06,328,13322,Puritanisme,12.0,39.0,15.0,88.0,False
2023-04-07,329,13995,Mouammar Kadhafi,13.0,43.0,17.0,86.0,False
2023-04-08,330,11987,Che Guevara,9.0,27.0,0.0,75.0,True
2023-04-09,331,12217,Athéna,8.0,28.0,7.0,71.0,True
2023-04-10,332,15965,Toronto,7.0,22.0,9.0,77.0,True
2023-04-11,333,16536,Pégase,12.0,41.0,14.0,80.0,True
2023-04-12,334,19410,Histoire de la Chine,9.0,30.0,12.0,68.0,True
2023-04-13,335,16616,Domitien,10.0,27.0,12.0,64.0,True
2023-04-14,336,15413,Otton Ier (empereur du Saint-Empire),9.0,37.0,15.0,78.0,True
2023-04-15,337,8723,Potentiel thermodynamique,0.0,40.0,11.0,82.0,True
2023-04-16,338,16389,Conquête de l'Ouest,0.0,24.0,9.0,86.0,True
2023-04-17,339,17843,Chimpanzé,14.0,27.0,9.0,58.0,True
2023-04-18,340,15557,Hicham El Guerrouj,9.0,32.0,16.0,91.0,True
2023-04-19,341,20072,Bretagne,7.0,28.0,8.0,60.0,True
2023-04-20,342,18214,Rhinocéros,8.0,34.0,12.0,86.0,True
2023-04-21,343,14882,Mombasa,6.0,34.0,9.0,100.0,True
2023-04-22,344,12724,Édouard III,10.0,21.0,10.0,68.0,True
2023-04-23,345,11312,Zombie,9.0,28.0,0.0,80.0,True
2023-04-24,346,18268,Mars (mythologie),6.0,31.0,16.0,89.0,True
2023-04-25,347,13849,Baliste,13.0,38.0,14.0,67.0,True
2023-04-26,348,19945,Maroc,12.0,32.0,17.0,85.0,True
2023-04-27,349,18796,Liechtenstein,15.0,24.0,13.0,98.0,True
2023-04-28,350,14674,Cirque,8.0,35.0,19.0,95.0,True
2023-04-29,351,12667,Union africaine,8.0,22.0,0.0,71.0,True
2023-04-30,352,13597,Cameroun,0.0,24.0,8.0,67.0,True
2023-05-01,353,15738,Mayotte,9.0,22.0,10.0,83.0,True
2023-05-02,354,17098,Sphinx,9.0,30.0,14.0,73.0,True
2023-05-03,355,17367,Sanglier,14.0,26.0,17.0,63.0,True
2023-05-04,356,16834,Berbères,11.0,29.0,13.0,73.0,True
2023-05-05,357,14204,Walter Scott,10.0,35.0,11.0,76.0,True
2023-05-06,358,7661,Essai randomisé contrôlé,0.0,32.0,7.0,61.0,True
2023-05-07,359,11764,Khmers rouges,8.0,22.0,7.0,61.0,True
2023-05-08,360,12539,Recyclage,10.0,25.0,8.0,63.0,True
2023-05-09,361,17767,Jean sans Terre,10.0,27.0,14.0,75.0,True
2023-05-10,362,15204,Cumulus,16.0,37.0,14.0,83.0,False
2023-05-11,363,15783,Passeport,12.0,38.0,7.0,72.0,False
2023-05-12,364,13695,Charrue,12.0,30.0,14.0,79.0,False
2023-05-13,365,10832,Arc (arme),9.0,24.0,8.0,88.0,False
2023-05-14,366,8459,Tantrisme,15.0,29.0,7.0,67.0,False
2023-05-15,367,13392,General Electric,17.0,44.0,9.0,61.0,False
2023-05-16,368,15869,François Rabelais,12.0,35.0,14.0,69.0,False
2023-05-17,369,13722,Publicité,13.0,35.0,15.0,55.0,False
2023-05-18,370,10093,Balance (instrument),0.0,30.0,8.0,54.0,False
2023-05-19,371,9763,Trouble anxieux,10.0,31.0,10.0,57.0,False
2023-05-20,372,8670,Transistor,11.0,34.0,10.0,72.0,False
2023-05-21,373,9744,Héraldique,11.0,29.0,10.0,57.0,False
2023-05-22,374,11898,Variable aléatoire à densité,13.0,37.0,14.0,74.0,False
2023-05-23,375,16975,Mont Kenya,8.0,31.0,6.0,56.0,False
2023-05-24,376,13852,Roch Hachana,10.0,41.0,13.0,62.0,False
2023-05-25,377,12677,Temple de Borobudur,11.0,35.0,14.0,70.0,False
2023-05-26,378,15335,Front de l'Est (Seconde Guerre mondiale),11.0,33.0,10.0,68.0,False
2023-05-27,379,9608,Pierre de Rosette,0.0,21.0,7.0,74.0,False
2023-05-28,380,8729,Angiosperme,14.0,23.0,9.0,62.0,False
2023-05-29,381,13224,Grégoire Ier,7.0,22.0,7.0,43.0,False
2023-05-30,382,12218,Particule matérielle,13.0,40.0,8.0,66.0,False
2023-05-31,383,17437,Liban,8.0,35.0,13.0,61.0,False
2023-06-01,384,15693,Aurore polaire,10.0,24.0,10.0,68.0,False
2023-06-02,385,11855,Blizzard (météorologie),12.0,35.0,12.0,78.0,False
2023-06-03,386,9473,Puissance (physique),7.0,24.0,9.0,77.0,False
2023-06-04,387,8995,Habitat (écologie),0.0,21.0,8.0,86.0,False
2023-06-05,388,11010,Transformations de Lorentz,20.0,49.0,10.0,74.0,False
2023-06-06,389,11914,Transformateur électrique,12.0,38.0,11.0,56.0,False
2023-06-07,390,13331,Rayonnement du corps noir,10.0,36.0,13.0,70.0,False
2023-06-08,391,10857,Diagramme de phase,18.0,38.0,8.0,54.0,False
2023-06-09,392,13624,Troie,12.0,30.0,12.0,62.0,False
2023-06-10,393,8023,Livre de Kells,7.0,27.0,10.0,45.0,False
2023-06-11,394,11396,Psychose (film),12.0,25.0,10.0,73.0,False
2023-06-12,395,12954,Principe de relativité,9.0,36.0,10.0,84.0,False
2023-06-13,396,15909,Vercingétorix,9.0,27.0,18.0,69.0,False
2023-06-14,397,11992,Méthanal,7.0,35.0,8.0,71.0,False
2023-06-15,398,14602,James Bond,10.0,33.0,12.0,65.0,False
2023-06-16,399,14770,Judo,7.0,32.0,0.0,56.0,False
2023-06-17,400,9830,Dubaï (ville),0.0,29.0,7.0,65.0,False
2023-06-18,401,11285,Nintendo,8.0,25.0,0.0,79.0,False
2023-06-19,402,13819,Zhou Enlai,14.0,32.0,6.0,65.0,False
2023-06-20,403,12669,Linux,12.0,29.0,12.0,74.0,False
2023-06-21,404,12746,Charia,12.0,36.0,12.0,61.0,False
2023-06-22,405,12446,Électrostatique,11.0,43.0,0.0,56.0,False
2023-06-23,406,13576,Accouchement,8.0,32.0,0.0,54.0,False
2023-06-24,407,6890,Assembleur,0.0,34.0,0.0,59.0,False
2023-06-25,408,10139,Extinction Crétacé-Paléogène,0.0,33.0,0.0,56.0,False
2023-06-26,409,14125,Dynastie Ming,11.0,31.0,7.0,58.0,False
2023-06-27,410,15331,Livre de la Genèse,9.0,27.0,7.0,49.0,False
2023-06-28,411,16538,Guyane,14.0,37.0,11.0,59.0,False
2023-06-29,412,12238,Loi normale,15.0,35.0,12.0,66.0,False
2023-06-30,413,9735,Ghetto,17.0,35.0,11.0,69.0,False
2023-07-01,414,6689,Productivité,9.0,26.0,7.0,63.0,False
2023-07-02,415,10670,John Keats,9.0,23.0,7.0,57.0,False
2023-07-03,416,16354,Venise,11.0,23.0,13.0,67.0,False
2023-07-04,417,12333,Polynôme,19.0,37.0,8.0,63.5,False
2023-07-05,418,13399,Kareem Abdul-Jabbar,9.0,35.0,8.0,55.0,False
2023-07-06,419,14631,Central Park,9.0,25.0,13.0,66.0,False
2023-07-07,420,10702,Ea (divinité),13.0,37.0,8.0,71.0,False
2023-07-08,421,9403,Premiers Hommes modernes en Europe,7.0,24.0,7.0,54.0,True
2023-07-09,422,10208,BBC,15.0,38.0,0.0,56.0,True
2023-07-10,423,16209,Guillaume le Conquérant,12.0,36.0,9.0,69.0,True
2023-07-11,424,11188,Théorie des représentations,14.0,38.0,8.0,66.0,True
2023-07-12,425,17265,Los Angeles,0.0,35.0,9.0,62.0,True
2023-07-13,426,14409,Guépard,12.0,34.0,14.0,81.0,True
2023-07-14,427,9030,Bollywood,9.0,25.0,12.0,81.0,True
2023-07-15,428,9975,Dragon de Komodo,0.0,21.0,0.0,51.0,True
2023-07-16,429,10172,Henry Fielding,8.0,29.0,0.0,60.0,True
2023-07-17,430,11952,Sassanides,14.0,39.0,11.0,72.0,True
2023-07-18,431,12274,Risorgimento,8.0,31.0,11.0,78.0,True
2023-07-19,432,12447,Université de Kyoto,6.0,44.0,17.0,70.0,True
2023-07-20,433,12246,Roms,11.0,34.0,0.0,81.0,True
2023-07-21,434,13616,Cour internationale de justice,12.0,34.0,15.0,69.0,True
2023-07-22,435,8426,Acide aminé,0.0,18.0,0.0,51.0,True
2023-07-23,436,11648,Glucose,13.0,23.0,11.0,73.0,True
2023-07-24,437,14699,Opéra de Sydney,9.0,36.0,12.0,66.0,True
2023-07-25,438,10352,Coelacanthiformes,15.0,37.0,8.0,61.0,True
2023-07-26,439,14751,Guerre du Péloponnèse,11.0,28.0,8.0,57.0,True
2023-07-27,440,13177,Mauna Loa,12.0,32.0,0.0,82.0,True
2023-07-28,441,15894,Berlin,0.0,23.0,14.0,83.0,True
2023-07-29,442,8115,Goutte (maladie),11.0,28.0,8.0,69.0,True
2023-07-30,443,12493,Naufrage du Titanic,8.0,31.0,10.0,80.0,True
2023-07-31,444,12955,Analyse vectorielle,9.0,25.0,13.0,76.0,True
2023-08-01,445,15614,Amour (fleuve),10.0,37.0,10.0,84.0,True
2023-08-02,446,10850,Bahaïsme,12.0,45.0,8.0,61.0,True
2023-08-03,447,12067,Scoutisme,14.0,31.0,9.0,74.0,True
2023-08-04,448,12517,Imagerie par résonance magnétique,11.0,39.0,12.0,98.0,True
2023-08-05,449,9285,Nitrate d'ammonium,0.0,22.0,11.0,100.0,True
2023-08-06,450,12959,Îles Canaries,7.0,23.0,0.0,72.0,True
2023-08-07,451,14594,Gibraltar,0.0,29.0,12.0,77.0,True
2023-08-08,452,13838,Social-démocratie,8.0,37.0,10.0,71.0,True
2023-08-09,453,11370,Brasage,8.0,41.0,9.0,76.0,True
2023-08-10,454,14053,Kazan,8.0,29.0,13.0,86.0,True
2023-08-11,455,10968,Rio Paraná,10.0,36.0,0.0,63.0,True
2023-08-12,456,11008,Physique nucléaire,0.0,26.0,11.0,78.0,True
2023-08-13,457,9804,Enregistrement sonore,9.0,32.0,9.0,73.0,True
2023-08-14,458,13172,Mandarin (langue),10.0,22.0,7.0,57.0,True
2023-08-15,459,8630,Huángdì,12.0,25.0,6.0,78.0,True
2023-08-16,460,14061,Orang-outan,9.0,34.0,7.0,88.0,True
2023-08-17,461,12373,Curium,11.0,41.0,7.0,74.0,True
2023-08-18,462,15080,Histoire de l'Afrique du Sud,11.0,30.0,10.0,69.0,True
2023-08-19,463,9053,Ménopause,8.0,38.0,9.0,73.0,True
2023-08-20,464,13294,Indochine française,0.0,33.0,8.0,60.0,True
2023-08-21,465,14895,Tomate,9.0,30.0,7.0,67.0,True
2023-08-22,466,13480,Groupe sanguin,10.0,30.0,16.0,90.0,True
2023-08-23,467,13319,Hypothèse de la nébuleuse,15.0,39.0,7.0,81.0,True
2023-08-24,468,18165,Équateur (pays),8.0,33.0,14.0,89.0,True
2023-08-25,469,16059,Attentats du 11 septembre 2001,7.0,25.0,12.0,69.0,True
2023-08-26,470,10363,Cinéma russe et soviétique,10.0,30.0,8.0,57.0,True
2023-08-27,471,14069,Haïti,0.0,29.0,12.0,66.0,True
2023-08-28,472,18369,Sénégal,9.0,28.0,11.0,80.0,True
2023-08-29,473,14979,Johannes Vermeer,11.0,28.0,7.0,61.0,True
2023-08-30,474,14434,Attila,11.0,33.0,13.0,83.0,True
2023-08-31,475,13984,Haruki Murakami,8.0,37.0,15.0,69.0,True
2023-09-01,476,15164,Bogota,7.0,35.0,13.0,85.0,True
2023-09-02,477,7967,Mystères d'Éleusis,0.0,25.0,0.0,54.0,True
2023-09-03,478,14439,Chicago,0.0,23.0,9.0,57.0,True
2023-09-04,479,12291,Fichier informatique,11.0,32.0,8.0,59.0,True
2023-09-05,480,15507,Seconde guerre italo-éthiopienne,12.0,33.0,0.0,73.0,False
2023-09-06,481,13806,Acide acétique,9.0,39.0,8.0,71.0,False
2023-09-07,482,16787,Orque,10.0,33.0,13.0,65.0,False
2023-09-08,483,11400,Teotihuacan,10.0,33.0,11.0,65.0,False
2023-09-09,484,9430,Conventions de Genève,0.0,22.0,18.0,67.0,False
2023-09-10,485,8791,Déterminant (mathématiques),8.0,31.0,7.0,63.0,False
2023-09-11,486,11314,Transformation de Laplace,17.0,37.0,9.0,56.0,False
2023-09-12,487,15708,Suzanne Lenglen,10.0,25.0,10.0,72.0,False
2023-09-13,488,15806,Odin,9.0,31.0,0.0,61.0,False
2023-09-14,489,15603,Morse (animal),13.0,25.0,9.0,63.0,False
2023-09-15,490,11611,Équations de Maxwell,14.0,35.0,12.0,65.0,False
2023-09-16,491,11197,Poisson rouge,9.0,21.0,12.0,53.0,False
2023-09-17,492,12566,Anubis,13.0,21.0,0.0,49.0,False
2023-09-18,493,14113,Guerres d'indépendance hispano-américaines,13.0,50.0,16.0,84.0,False
2023-09-19,494,15245,Secte,16.0,46.0,18.0,75.0,False
2023-09-20,495,16404,Course d'orientation,11.0,36.0,9.0,53.0,False
2023-09-21,496,15178,Saturn V,10.0,46.0,11.0,74.0,False
2023-09-22,497,16674,Macédoine du Nord,11.0,31.0,15.0,74.0,False
2023-09-23,498,10374,Vodka,7.0,23.0,0.0,60.0,False
2023-09-24,499,14739,Athènes,0.0,23.0,0.0,69.0,False
2023-09-25,500,18818,Rotterdam,13.0,27.0,13.0,68.0,False
2023-09-26,501,13522,Cactaceae,12.0,36.0,15.0,58.0,False
2023-09-27,502,14445,Moment d'inertie,15.0,45.0,12.0,63.0,False
2023-09-28,503,13465,Quartz (minéral),13.0,50.0,19.0,86.0,False
2023-09-29,504,16724,Victoria (reine),8.0,31.0,12.0,63.0,False
2023-09-30,505,9466,Castes en Inde,10.0,25.0,7.0,63.0,False
2023-10-01,506,12782,Dromadaire,8.5,21.5,9.0,53.5,False
2023-10-02,507,13397,Kumbh Mela,10.0,38.0,12.0,67.5,False
2023-10-03,508,14180,Intrication quantique,10.0,30.0,14.0,71.0,False
2023-10-04,509,13447,Élite,14.0,39.0,9.0,59.0,False
2023-10-05,510,12914,Quaker,11.0,37.0,14.0,50.0,False
2023-10-06,511,13756,Martin Heidegger,13.0,34.0,16.0,71.0,False
2023-10-07,512,8995,Trouble bipolaire,0.0,22.0,12.0,52.0,False
2023-10-08,513,10419,Mouvement social,7.0,20.0,7.0,56.0,False
2023-10-09,514,15559,Tianjin,10.0,33.0,11.0,57.0,False
2023-10-10,515,14078,Grand collisionneur de hadrons,14.0,35.0,15.0,67.0,False
2023-10-11,516,15399,Infarctus du myocarde,8.0,36.0,8.0,64.0,False
2023-10-12,517,19687,Côte d'Ivoire,13.0,28.0,13.0,59.0,False
2023-10-13,518,15591,Biathlon,13.0,33.0,13.0,62.0,False
2023-10-14,519,9602,Charbon de bois,7.0,25.0,10.0,56.0,False
2023-10-15,520,8345,Optimisation linéaire,13.0,28.0,7.0,43.0,False
2023-10-16,521,15568,Homéopathie,13.0,33.0,14.0,71.0,False
2023-10-17,522,13011,Parallélisme (informatique),12.0,42.0,8.0,60.0,False
2023-10-18,523,20492,Histoire de l'aviation,12.0,32.0,16.0,67.0,False
2023-10-19,524,20298,Martinique,12.0,34.0,13.0,73.0,False
2023-10-20,525,14129,Ethernet,16.0,32.0,11.0,62.0,False
2023-10-21,526,8736,Aphidoidea,6.0,29.0,7.0,58.0,True
2023-10-22,527,12273,Fantasy,7.0,25.0,8.0,63.0,True
2023-10-23,528,18439,Foudre,15.0,43.0,12.0,59.0,True
2023-10-24,529,20402,Boxe,11.0,31.0,11.0,50.0,True
2023-10-25,530,17069,Torture,13.0,39.0,16.0,71.0,True
2023-10-26,531,14046,Expérience de la goutte d'huile de Millikan,12.0,43.0,11.0,66.0,True
2023-10-27,532,18844,Coupe du monde de rugby à XV,7.0,30.0,15.0,74.0,True
2023-10-28,533,9313,Cellulose,8.0,21.0,7.0,51.0,True
2023-10-29,534,12673,Machine,12.0,20.0,11.0,64.0,True
2023-10-30,535,17280,Révolution russe de 1905,0.0,24.0,14.0,66.0,True
2023-10-31,536,16387,Skateboard,6.0,30.0,15.0,56.0,True
2023-11-01,537,11607,Plomberie,7.0,29.0,8.0,54.0,True
2023-11-02,538,18868,Vitesse du son,7.0,32.0,9.0,69.0,True
2023-11-03,539,17664,Oslo,0.0,26.0,6.0,54.0,True
2023-11-04,540,14286,Lion,6.0,24.0,0.0,69.0,True
2023-11-05,541,14057,Histoire de l'Éthiopie,0.0,23.0,6.0,59.0,True
2023-11-06,542,19815,Histoire du Pakistan,7.0,35.0,10.0,63.0,True
2023-11-07,543,18590,Babylone,6.0,31.0,21.0,83.0,False
2023-11-08,544,15983,Typhus,14.0,27.0,18.0,73.0,False
2023-11-09,545,19954,Programme Apollo,9.0,32.0,12.0,66.0,False
2023-11-10,546,15633,Cristal,13.0,38.0,13.0,62.0,False
2023-11-11,547,13060,Shanghai,7.0,17.0,7.0,60.0,False
2023-11-12,548,15215,Shiva,9.0,23.0,9.0,58.0,False
2023-11-13,549,20843,Martin Luther King,13.0,31.0,14.0,73.0,False
2023-11-14,550,21589,Sarajevo,10.0,31.0,14.0,66.0,False
2023-11-15,551,15064,Mouvement Massorti,17.0,42.0,14.0,66.0,False
2023-11-16,552,20422,Toyota,12.0,38.0,11.0,52.0,False
2023-11-17,553,14912,Université de Heidelberg,16.0,37.0,14.0,64.0,False
2023-11-18,554,11441,Fission nucléaire,8.0,26.0,10.0,64.0,False
2023-11-19,555,16168,Calcium,0.0,21.0,8.0,48.0,False
2023-11-20,556,14997,Spin,16.0,52.0,17.0,100.0,False
2023-11-21,557,17722,Magnitude (astronomie),18.0,39.0,19.0,69.0,False
2023-11-22,558,19631,Loi de probabilité,12.0,38.0,12.0,71.0,False
2023-11-23,559,19687,Porto Alegre,8.0,26.0,17.0,65.0,False
2023-11-24,560,13568,Série de Fourier,14.0,40.0,18.0,75.0,False
2023-11-25,561,12595,Guerre civile russe,0.0,20.0,8.0,52.0,False
2023-11-26,562,14161,Shabbat,8.0,24.0,14.0,62.0,False
2023-11-27,563,21107,Religion de la Rome antique,13.0,35.0,11.0,56.0,False
2023-11-28,564,21702,Torah,13.0,29.0,14.0,60.0,False
2023-11-29,565,17622,Nabla,13.0,44.0,16.0,67.0,False
2023-11-30,566,19179,Mont Saint Helens,0.0,36.0,11.0,63.0,False
2023-12-01,567,13066,Anasazis,13.0,34.0,15.0,78.0,False
2023-12-02,568,13983,Racine carrée,0.0,21.0,8.0,53.0,False
2023-12-03,569,14954,Musée de l'Ermitage,7.0,22.0,8.0,60.0,False
2023-12-04,570,19824,Johannes Brahms,11.0,33.0,14.0,49.0,False
2023-12-05,571,16388,Yahweh,12.0,38.0,14.0,72.0,False
2023-12-06,572,18514,Symbolisme (art),11.0,42.0,16.0,61.0,False
2023-12-07,573,17472,Rubik's Cube,15.0,34.0,19.0,75.0,False
2023-12-08,574,18532,Sous-marin,12.0,31.0,14.0,76.0,False
2023-12-09,575,11476,Shinkansen,11.0,18.0,9.0,58.0,False
2023-12-10,576,15994,Panthère des neiges,7.0,21.0,7.0,72.0,False
2023-12-11,577,17806,Espéranto,14.0,33.0,10.0,59.0,False
2023-12-12,578,19397,Récif corallien,10.0,32.0,10.0,61.0,False
2023-12-13,579,20505,Impressionnisme,10.0,29.0,14.0,69.0,False
2023-12-14,580,16694,État-providence,8.0,36.0,11.0,84.0,False
2023-12-15,581,13243,Royaume lagide,10.0,50.0,17.0,62.0,False
2023-12-16,582,11454,Agence spatiale européenne,0.0,24.0,0.0,65.0,False
2023-12-17,583,9222,Bryophyte,0.0,31.0,8.0,65.0,False
2023-12-18,584,19618,Jaguar,9.0,34.0,13.0,69.0,False
2023-12-19,585,17998,Titane,8.0,29.0,10.0,53.0,False
2023-12-20,586,16477,Programme Voyager,10.0,30.0,12.0,62.0,False
2023-12-21,587,11555,Biais de confirmation,12.0,46.0,17.0,72.0,False
2023-12-22,588,13637,Lydie,10.0,40.0,9.0,78.0,False
2023-12-23,589,10329,Oreillons,9.0,29.0,0.0,65.0,True
2023-12-24,590,11650,Usain Bolt,0.0,24.0,7.0,56.0,True
2023-12-25,591,11202,Pied (unité),8.0,32.0,8.0,69.0,True
2023-12-26,592,10150,Capteur,10.0,37.0,7.0,62.0,True
2023-12-27,593,12980,Cuisine mexicaine,0.0,36.0,0.0,82.0,True
2023-12-28,594,12623,Chameau de Bactriane,8.0,33.0,10.0,79.0,True
2023-12-29,595,15438,Vatican,7.0,30.0,9.0,75.0,True
2023-12-30,596,8534,Monisme,14.0,37.0,11.0,68.0,True
2023-12-31,597,11899,Histoire du Maroc,10.0,26.0,7.0,72.5,True
2024-01-01,598,11925,Huître,0.0,24.0,9.0,70.0,True
2024-01-02,599,14267,Chaîne Transantarctique,0.0,39.0,6.0,65.0,True
2024-01-03,600,19737,Amérique latine,9.0,30.0,0.0,63.0,True
2024-01-04,601,17566,Crimée,7.0,34.0,10.0,82.0,True
2024-01-05,602,13155,Réalisme (philosophie),12.0,36.0,9.0,60.0,True
2024-01-06,603,12705,Yom Kippour,0.0,28.0,11.0,59.0,True
2024-01-07,604,15489,Travail des enfants,9.0,24.0,0.0,47.0,True
2024-01-08,605,17470,Droit international public,14.0,38.0,11.0,57.0,True
2024-01-09,606,15507,Río de la Plata,13.0,43.0,18.0,84.0,False
2024-01-10,607,19953,Aphrodite,7.0,27.0,17.0,95.0,False
2024-01-11,608,18298,Argon,8.0,31.0,19.0,72.0,False
2024-01-12,609,19760,Alaska,7.0,45.0,15.0,100.0,False
2024-01-13,610,13340,Camps de concentration nazis,0.0,26.0,9.0,78.0,False
2024-01-14,611,10947,Écriture maya,10.0,33.0,8.0,53.0,False
2024-01-15,612,18270,Armand Jean du Plessis de Richelieu,9.0,53.0,20.0,97.0,False
2024-01-16,613,19686,Carl Lewis,12.0,36.0,14.0,78.0,False
2024-01-17,614,22154,Las Vegas,9.0,27.0,14.0,77.0,False
2024-01-18,615,14551,Soufisme,14.0,45.0,15.0,85.0,False
2024-01-19,616,15396,Brevet d'invention,12.0,43.0,13.0,65.0,False
2024-01-20,617,10153,Dualité onde-corpuscule,9.0,30.0,0.0,59.0,False
2024-01-21,618,12282,Botulisme,12.0,28.0,6.0,73.0,False
2024-01-22,619,17376,Technétium,14.0,41.0,14.0,73.0,False
2024-01-23,620,14723,Gymnosperme,15.0,41.0,17.0,78.0,False
2024-01-24,621,20175,Galaxie d'Andromède,9.0,28.0,12.0,74.0,False
2024-01-25,622,18305,Machu Picchu,9.0,37.0,19.0,92.0,False
2024-01-26,623,14713,Al-Andalus,12.0,38.0,18.0,78.0,False
2024-01-27,624,12446,Ispahan,0.0,31.0,7.0,54.0,False
2024-01-28,625,10079,Diffusion de la matière,8.0,23.0,8.0,69.0,False
2024-01-29,626,20298,Numération romaine,15.0,30.0,12.0,69.0,False
2024-01-30,627,17627,Féodalité,13.0,43.0,19.0,67.0,False
2024-01-31,628,15644,Hypertext Markup Language,12.0,47.0,14.0,62.0,False
2024-02-01,629,17105,Lanthanide,15.0,40.0,16.0,53.0,False
2024-02-02,630,19747,Tchad,10.0,28.0,19.0,78.0,False
2024-02-03,631,12291,Commerce triangulaire,12.0,25.0,10.0,76.0,False
2024-02-04,632,12807,Rotation (physique),14.0,23.0,9.0,77.0,False
2024-02-05,633,19812,Réunification allemande,14.0,49.0,15.0,67.0,False
2024-02-06,634,20190,Caïn,8.0,36.0,17.0,67.0,False
2024-02-07,635,23680,Louis IX,8.0,35.0,15.0,89.0,False
2024-02-08,636,17484,Moment cinétique,9.0,40.0,18.0,73.0,False
2024-02-09,637,16130,Lèpre,15.0,45.0,17.0,95.0,False
2024-02-10,638,11327,Négationnisme,0.0,30.0,10.0,80.0,True
2024-02-11,639,15766,Césium,9.0,19.0,11.0,88.0,True
2024-02-12,640,16041,Sursaut gamma,13.0,36.0,19.0,82.0,True
2024-02-13,641,22510,Histoire du Canada,12.0,35.0,18.0,68.0,True
2024-02-14,642,19570,Architecture moderne,11.0,43.0,16.0,91.0,True
2024-02-15,643,21787,Ulysse,7.0,29.0,13.0,71.0,True
2024-02-16,644,18093,Architecture romane,15.0,40.0,14.0,65.0,True
2024-02-17,645,14740,Monaco,0.0,20.0,12.0,57.0,True
2024-02-18,646,10211,Faisceau (mathématiques),16.0,24.0,12.0,58.0,True
2024-02-19,647,20978,Wi-Fi,17.0,48.0,18.0,88.0,True
2024-02-20,648,16361,Corruption,18.0,59.0,19.0,60.0,True
2024-02-21,649,20005,Domestication du feu,19.0,46.0,13.0,55.0,True
2024-02-22,650,22002,Parc national de Yellowstone,15.0,40.0,26.0,81.0,True
2024-02-23,651,14747,Énergie interne,8.0,42.0,14.0,70.0,True
2024-02-24,652,10957,Paganisme germanique,10.0,22.0,7.0,73.0,True
2024-02-25,653,14200,Physique statistique,7.0,31.0,0.0,61.0,True
2024-02-26,654,18765,Pure race espagnole,20.0,44.0,12.0,55.0,True
2024-02-27,655,19639,Acupuncture,18.0,36.0,20.0,89.0,True
2024-02-28,656,16869,Alfred North Whitehead,17.0,40.0,10.0,67.0,True
2024-02-29,657,21107,Lithium,8.0,24.0,16.0,56.0,True
2024-03-01,658,15351,Écart type,15.0,35.0,14.0,76.0,True
2024-03-02,659,14136,Seconde (temps),12.0,16.0,8.0,59.0,True
2024-03-03,660,14123,Argumentation,9.0,24.0,13.0,62.0,True
2024-03-04,661,17978,Tikal,15.0,43.0,21.0,88.0,True
2024-03-05,662,22159,Empire carolingien,9.0,40.0,20.0,84.0,True
2024-03-06,663,21490,Planeur,14.0,32.0,15.0,68.0,True
2024-03-07,664,21689,Isis,9.0,30.0,18.0,78.0,True
2024-03-08,665,17787,Denali,11.0,35.0,23.0,75.0,True
2024-03-09,666,11240,Héraclius,11.0,34.0,16.0,87.0,True
2024-03-10,667,14640,Industrie,11.0,32.0,0.0,59.0,True
2024-03-11,668,20050,General Motors,10.0,39.0,20.0,76.0,True
2024-03-12,669,26119,Pyrénées,10.0,39.0,22.0,62.0,False
2024-03-13,670,19528,Louis Riel,11.0,33.0,16.0,72.0,False
2024-03-14,671,18876,Euthanasie,15.0,40.0,25.0,93.0,False
2024-03-15,672,20519,Ozone,12.0,34.0,13.0,58.0,False
2024-03-16,673,13189,Pierre II (empereur du Brésil),0.0,24.0,0.0,53.0,False
2024-03-17,674,17608,Anvers,8.0,22.0,7.0,52.0,False
2024-03-18,675,19071,Alchimie,15.0,32.0,20.0,70.0,False
2024-03-19,676,19556,Spectre visible,17.0,54.0,19.0,81.0,False
2024-03-20,677,15851,Robotique industrielle,19.0,57.0,22.0,90.0,False
2024-03-21,678,19860,Canne à sucre,18.0,46.0,18.0,74.0,False
2024-03-22,679,21446,Tour Eiffel,11.0,42.0,15.0,61.0,False
2024-03-23,680,14322,Arménie,0.0,24.0,0.0,48.0,False
2024-03-24,681,17819,Violoncelle,7.5,15.5,12.0,46.0,False
2024-03-25,682,22764,Acide sulfurique,15.0,34.0,14.0,53.0,False
2024-03-26,683,20485,Tang Taizong,12.0,35.0,11.0,59.0,False
2024-03-27,684,21478,Nouvelle-Calédonie,12.0,31.0,18.0,87.0,False
2024-03-28,685,8881,Gnosticisme,13.0,46.0,18.0,80.0,False
2024-03-29,686,20087,Football américain,8.0,35.0,23.0,100.0,False
2024-03-30,687,14641,Pâques,10.0,18.0,7.0,56.0,False
2024-03-31,688,16542,Arc-en-ciel,0.0,19.0,11.0,70.0,False
2024-04-01,689,13415,Hareng rouge,6.0,25.0,7.0,63.0,False
2024-04-02,690,24721,Californie,10.0,30.0,19.0,64.0,False
2024-04-03,691,25803,C (langage),8.0,40.0,12.0,73.0,False
2024-04-04,692,19583,Urbanisation,13.0,38.0,12.0,58.0,False
2024-04-05,693,21010,Guerre des Gaules,11.0,32.0,12.0,60.0,False
2024-04-06,694,13767,Saint-Marin,0.0,25.0,9.0,57.0,True
2024-04-07,695,12953,Mont Kosciuszko,10.0,19.0,6.0,60.0,True
2024-04-08,696,16371,Civilisation zapotèque,16.0,34.0,18.0,66.0,True
2024-04-09,697,23839,Richard Nixon,11.0,30.0,12.0,60.0,True
2024-04-10,698,20825,Communication non verbale,8.0,36.0,10.0,78.0,True
2024-04-11,699,23529,Moldavie,8.0,40.0,23.0,80.0,True
2024-04-12,700,17147,Intelligence humaine,10.0,31.0,11.0,62.0,True
2024-04-13,701,11784,Opéra de Pékin,9.0,22.0,8.0,46.0,True
2024-04-14,702,15519,Université de Cambridge,6.0,23.0,8.0,51.0,True
2024-04-15,703,24182,Zimbabwe,15.0,35.0,9.0,65.0,True
2024-04-16,704,22014,Salomon (roi d'Israël),11.0,32.0,13.0,43.0,True
2024-04-17,705,19215,Identité d'Euler,11.0,30.0,16.0,67.0,True
2024-04-18,706,20803,Fièvre jaune,7.0,29.0,14.0,71.0,True
2024-04-19,707,20432,Hockey sur glace,14.0,35.0,10.0,61.0,True
2024-04-20,708,12384,Rijksmuseum Amsterdam,7.0,21.0,7.0,55.0,True
2024-04-21,709,17247,Guerre américano-mexicaine,0.0,20.0,11.0,52.0,True
2024-04-22,710,20071,Aubergine,11.0,37.0,13.0,60.0,True
2024-04-23,711,23862,Guerre d'Irak,11.0,28.0,14.0,76.0,True
2024-04-24,712,20620,David (Michel-Ange),7.0,31.0,17.0,76.0,True
2024-04-25,713,24627,Écosse,7.0,25.0,9.0,64.0,True
2024-04-26,714,21175,Kyoto,8.0,32.0,12.0,62.0,True
2024-04-27,715,13265,Maison de Médicis,11.0,25.0,10.0,66.0,True
2024-04-28,716,19186,Zeus,7.0,20.0,10.0,55.0,True
2024-04-29,717,20400,Travail,10.0,30.0,12.0,64.0,True
2024-04-30,718,20719,Pollution de l'air,16.0,34.0,13.0,71.0,False
2024-05-01,719,14649,Hangeul,10.0,22.0,8.0,54.0,False
2024-05-02,720,20346,Accident de la route,11.0,32.0,19.0,62.0,False
2024-05-03,721,20064,Buenos Aires,11.0,28.0,12.0,57.0,False
2024-05-04,722,14160,Dynasties du Sud et du Nord,6.0,21.0,8.0,52.0,False
2024-05-05,723,16895,Adverbe,8.0,19.0,6.0,54.0,False
2024-05-06,724,16350,"Théodora (impératrice, épouse de Justinien Ier)",16.0,30.0,15.0,63.0,False
2024-05-07,725,12927,Homologie (mathématiques),13.0,26.0,7.0,48.0,False
2024-05-08,726,11061,Influence sociale,12.0,25.0,7.0,44.0,False
2024-05-09,727,16495,Histoire de France,7.0,20.0,0.0,32.0,False
2024-05-10,728,12467,Tunnel,12.0,25.0,9.0,53.0,False
2024-05-11,729,12761,Guerre soviéto-polonaise,9.0,17.0,0.0,53.0,False
2024-05-12,730,15569,Horus,7.0,22.0,8.0,60.0,False
2024-05-13,731,18618,Université de Tokyo,13.0,32.0,11.0,50.0,False
2024-05-14,732,24171,Andorre,7.0,26.0,13.0,78.0,False
2024-05-15,733,19348,Siluriformes,11.0,33.0,13.0,64.0,False
2024-05-16,734,15903,Circulation atmosphérique,15.0,41.0,9.0,60.0,False
2024-05-17,735,18949,Code civil (France),17.0,26.0,11.0,83.0,False
2024-05-18,736,14558,Tunnel sous la Manche,7.0,20.0,0.0,48.0,False
2024-05-19,737,12264,Encre,7.0,22.0,7.0,54.0,False
2024-05-20,738,16179,Transidentité,9.0,22.0,6.0,48.0,False
2024-05-21,739,17478,Méningite,9.0,39.0,15.0,69.0,False
2024-05-22,740,15559,Supraconductivité,12.0,40.0,11.0,69.0,False
2024-05-23,741,21051,Encyclopédie,10.0,32.0,12.0,63.0,False
2024-05-24,742,18551,"Le Magicien d'Oz (film, 1939)",8.0,25.0,22.0,61.0,False
2024-05-25,743,13963,Océan,0.0,19.0,0.0,52.0,False
2024-05-26,744,13765,Architecture chinoise,7.0,21.0,6.0,46.0,False
2024-05-27,745,19489,Séparation des Églises d'Orient et d'Occident,12.0,34.0,13.0,56.0,False
2024-05-28,746,20281,Station spatiale internationale,9.0,32.0,11.0,61.0,False
2024-05-29,747,23448,Éléphant,7.0,34.0,12.0,53.0,False
2024-05-30,748,19221,Massacre de Nankin,12.0,38.0,15.0,73.0,False
2024-05-31,749,15029,Mollusca,11.0,36.0,15.0,58.0,False
2024-06-01,750,12529,Commonwealth,9.0,22.0,7.0,45.0,False
2024-06-02,751,16103,Koala,7.0,21.0,10.0,43.0,False
2024-06-03,752,15792,Nok (culture),12.0,37.0,16.0,53.0,False
2024-06-04,753,18387,Cunéiforme,11.0,31.0,12.0,53.0,False
2024-06-05,754,19950,Agriculture biologique,10.0,31.0,7.0,64.0,False
2024-06-06,755,13657,Porifera,11.0,46.0,14.0,64.0,False
2024-06-07,756,12146,Ester,15.0,36.0,15.0,61.0,False
2024-06-08,757,11945,Cor d'harmonie,7.0,17.0,7.0,57.0,False
2024-06-09,758,14755,Mont Fuji,0.0,19.0,7.0,52.0,False
2024-06-10,759,14886,Joseph Priestley,9.0,26.0,10.0,61.0,False
2024-06-11,760,18329,Titan (lune),10.0,29.0,16.0,63.0,False
2024-06-12,761,19039,Symphonie no 5 de Beethoven,12.0,24.0,12.0,70.0,False
2024-06-13,762,19014,Festival de Cannes,12.0,30.0,12.0,47.0,False
2024-06-14,763,15884,Iguana iguana,11.0,30.0,13.0,54.0,False
2024-06-15,764,10081,Beau,9.0,26.0,0.0,41.0,False
2024-06-16,765,8759,Plesiosauria,16.0,34.0,10.0,70.0,False
2024-06-17,766,14180,Tribu (ethnologie),12.0,38.0,14.0,66.0,False
2024-06-18,767,15266,Guérilla,11.0,35.0,15.0,68.0,False
2024-06-19,768,18677,Hautbois,13.0,27.0,15.0,69.0,False
2024-06-20,769,17031,Indice de masse corporelle,12.0,34.0,15.0,63.0,False
2024-06-21,770,13890,M87 (galaxie),7.0,32.0,10.0,63.0,False
2024-06-22,771,11450,Poids,8.0,21.0,0.0,50.0,False
2024-06-23,772,12517,British Library,9.0,14.0,0.0,39.0,False
2024-06-24,773,19221,Noël,7.5,36.0,10.5,60.0,False
2024-06-25,774,16537,État fédéral,12.0,27.0,10.0,60.0,False
2024-06-26,775,16468,Licorne,11.0,31.0,11.0,52.0,False
2024-06-27,776,18403,Flûte de Pan,10.0,25.0,12.0,69.0,False
2024-06-28,777,14327,Ur (Mésopotamie),13.0,30.0,9.0,67.0,False
2024-06-29,778,11371,Golf,0.0,23.0,9.0,49.0,False
2024-06-30,779,12112,Angkor Vat,8.0,12.0,0.0,42.0,False
2024-07-01,780,16994,Panda géant,10.0,26.0,7.0,46.0,False
2024-07-02,781,16502,Généalogie,10.0,32.0,11.0,54.0,False
2024-07-03,782,13245,Fond diffus cosmologique,11.0,41.0,7.0,56.0,False
2024-07-04,783,20848,Louis XIV,12.0,29.0,10.0,51.0,False
2024-07-05,784,17243,Voyage dans le temps,8.0,20.0,0.0,62.0,False
2024-07-06,785,12073,Calcutta,0.0,17.0,0.0,54.0,True
2024-07-07,786,10440,Guerres byzantino-bulgares,0.0,24.0,0.0,50.0,True
2024-07-08,787,18609,Saut à la perche,12.0,31.0,8.0,44.0,True
2024-07-09,788,17433,Noisette,9.0,36.0,10.0,61.0,True
2024-07-10,789,16607,Conquêtes musulmanes des Indes,0.0,32.0,8.0,57.0,True
2024-07-11,790,16001,Ouzbek,10.0,37.0,9.0,63.0,True
2024-07-12,791,11260,Durabilité,13.0,34.0,9.0,53.0,True
2024-07-13,792,6107,Métamatériau,9.0,24.0,0.0,44.0,True
2024-07-14,793,9280,Fontaine (Duchamp),12.0,28.0,0.0,54.0,True
2024-07-15,794,19695,Coupe du monde de football,7.0,29.0,6.0,61.0,True
2024-07-16,795,16048,Relations internationales,13.0,36.0,10.0,53.0,True
2024-07-17,796,17637,Détroit (Michigan),8.0,27.0,12.0,73.0,True
2024-07-18,797,13002,Royaume de Champa,11.0,41.0,9.0,59.0,True
2024-07-19,798,12011,Srinivasa Ramanujan,11.0,39.0,9.0,61.0,True
2024-07-20,799,10665,Moteur hydraulique,8.0,24.0,0.0,55.0,True
2024-07-21,800,11735,Métal alcalino-terreux,0.0,26.0,16.0,88.0,True
2024-07-22,801,17398,Formule d'Euler,11.0,28.0,8.0,69.0,True
2024-07-23,802,17354,Architecture gothique,10.0,33.0,11.0,56.0,True
2024-07-24,803,16361,Erevan,8.0,30.0,11.0,67.0,True
2024-07-25,804,15599,Uttar Pradesh,14.0,29.0,10.0,55.0,True
2024-07-26,805,17124,Luxembourg,0.0,23.0,7.0,48.0,True
2024-07-27,806,10868,Michael Phelps,0.0,12.0,9.0,50.0,True
2024-07-28,807,10081,Classicisme français,0.0,24.0,7.0,100.0,True
2024-07-29,808,15562,Théorème de Pythagore,11.0,26.0,15.0,61.0,True
2024-07-30,809,17929,Jeux olympiques d'hiver,0.0,15.0,8.0,61.0,True
2024-07-31,810,14313,Tramway,8.0,31.0,8.0,51.0,True
2024-08-01,811,13173,Force centripète,10.0,31.0,6.0,51.0,True
2024-08-02,812,14333,Ronaldo,7.0,18.0,8.0,72.0,True
2024-08-03,813,10239,Salsa,0.0,10.0,0.0,55.0,True
2024-08-04,814,9315,Mutilations génitales féminines,0.0,25.0,0.0,62.0,True
2024-08-05,815,13434,Murray (fleuve),9.0,27.0,14.0,53.0,True
2024-08-06,816,12502,Salouen,8.0,19.0,9.0,61.0,True
2024-08-07,817,11895,Puncak Jaya,0.0,19.0,13.0,65.0,True
2024-08-08,818,15353,100 mètres (athlétisme),0.0,14.0,8.0,68.0,True
2024-08-09,819,10819,Arithmétique modulaire,8.0,23.0,8.0,48.0,True
2024-08-10,820,8364,Guerre de Livonie,9.0,21.0,0.0,54.0,True
2024-08-11,821,7700,Enzyme,14.0,25.0,10.0,63.0,True
2024-08-12,822,13528,Nauru,0.0,25.0,9.0,64.0,True
2024-08-13,823,12505,John Churchill (1er duc de Marlborough),0.0,20.0,0.0,52.0,True
2024-08-14,824,16873,Guerre d'Espagne,0.0,20.0,10.0,47.0,True
2024-08-15,825,10468,Han (ethnie),6.0,14.0,0.0,44.0,True
2024-08-16,826,12840,Gratte-ciel,0.0,19.0,7.0,49.0,True
2024-08-17,827,10349,Herpès,7.0,20.0,8.0,57.0,True
2024-08-18,828,11151,Barrage d'Itaipu,0.0,20.0,0.0,56.0,True
2024-08-19,829,14653,Orage,11.0,33.0,8.0,54.0,True
2024-08-20,830,16538,Trois Glorieuses,7.0,26.0,8.0,45.0,True
2024-08-21,831,16342,Cantonais,11.0,22.0,0.0,50.0,True
2024-08-22,832,14818,Gamal Abdel Nasser,9.0,29.0,9.0,61.0,True
2024-08-23,833,13433,Chiroptera,13.0,23.0,11.0,53.0,True
2024-08-24,834,9980,Android,10.0,20.0,8.0,58.0,True
2024-08-25,835,11236,Samarcande,10.0,17.0,12.0,80.0,True
2024-08-26,836,15505,Révolution nationale indonésienne,8.0,27.0,9.0,63.0,True
2024-08-27,837,19331,Bolivie,0.0,20.0,12.0,66.0,True
2024-08-28,838,18626,Anne Frank,8.0,24.0,15.0,64.0,True
2024-08-29,839,18966,Seattle,9.0,19.0,0.0,58.0,True
2024-08-30,840,15268,Osiris,7.0,29.0,9.0,77.0,True
2024-08-31,841,10400,Ganymède (lune),0.0,20.0,0.0,66.0,True
2024-09-01,842,13423,Ornithorynque,0.0,15.0,0.0,61.0,True
2024-09-02,843,14776,Pigment,14.0,29.0,11.0,55.0,True
2024-09-03,844,17071,Manifestations de la place Tian'anmen,12.0,29.0,9.0,54.0,False
2024-09-04,845,12823,Renseignement,12.0,34.0,9.0,56.0,False
2024-09-05,846,15382,Physique au-delà du modèle standard,11.0,27.0,11.0,60.0,False
2024-09-06,847,14773,(1) Cérès,11.0,29.0,9.0,59.0,False
2024-09-07,848,9313,Averroès,0.0,15.0,0.0,57.0,False
2024-09-08,849,14822,Hip-hop,0.0,14.0,11.0,68.0,False
2024-09-09,850,14072,Francisco de Goya,8.0,44.0,14.0,90.0,False
2024-09-10,851,16263,Révolution philippine,13.0,32.0,14.0,71.0,False
2024-09-11,852,17611,Énergie hydroélectrique,12.0,24.0,11.0,71.0,False
2024-09-12,853,17729,Produit intérieur brut,13.0,21.0,11.0,63.0,False
2024-09-13,854,15715,Tachkent,11.0,25.0,11.0,55.0,False
2024-09-14,855,9658,Étrusques,0.0,18.0,7.0,49.0,False
2024-09-15,856,12487,Jackson Pollock,0.0,19.0,0.0,51.0,False
2024-09-16,857,16593,Atmosphère (unité),15.0,30.0,9.0,64.0,False
2024-09-17,858,16870,Gravure,12.0,36.0,26.0,88.0,False
2024-09-18,859,15952,Élie,16.0,35.0,11.0,55.0,False
2024-09-19,860,19465,Symphonie no 9 de Beethoven,12.0,33.0,14.0,81.0,False
2024-09-20,861,16384,Tortue,10.0,25.0,11.0,64.0,False
2024-09-21,862,11517,Krach de 1929,0.0,17.0,10.0,57.0,False
2024-09-22,863,12608,Stoïcisme,0.0,14.5,10.0,57.5,False
2024-09-23,864,16251,Empreinte génétique,12.0,34.5,17.0,58.5,False
2024-09-24,865,18700,Intoxication alimentaire,12.0,25.0,10.0,58.0,False
2024-09-25,866,22214,Parthénon,12.0,30.0,10.0,58.0,False
2024-09-26,867,28002,Groenland,10.0,30.0,17.0,77.0,False
2024-09-27,868,20989,Audrey Hepburn,11.0,31.0,11.0,60.0,False
2024-09-28,869,14876,Caféine,7.0,22.0,9.0,85.0,False
2024-09-29,870,20288,Roi Arthur,10.0,22.0,9.0,98.0,False
2024-09-30,871,22797,Brocoli,8.0,33.0,13.0,87.0,False
2024-10-01,872,19447,Osmose,15.0,37.0,17.0,76.0,False
2024-10-02,873,23526,Boson de Higgs,12.0,32.0,13.0,85.0,False
2024-10-03,874,24837,Navette spatiale américaine,15.0,33.0,14.0,80.0,False
2024-10-04,875,16835,Inductance,11.0,37.0,18.0,83.0,False
2024-10-05,876,19156,Guerre du Pacifique,10.0,22.0,8.0,68.0,False
2024-10-06,877,19041,Mangrove,12.0,31.0,9.0,65.0,False
2024-10-07,878,28444,Éclipse,18.0,41.0,15.0,67.0,False
2024-10-08,879,30367,Bucarest,13.0,32.0,26.0,93.0,False
2024-10-09,880,22583,Séquence principale,18.0,38.0,21.0,96.0,False
2024-10-10,881,19580,Cyanobacteriota,18.0,38.0,19.0,100.0,False
2024-10-11,882,30067,Mer Noire,10.0,31.0,16.0,72.0,False
2024-10-12,883,16201,Goths,15.0,20.0,10.0,62.0,False
2024-10-13,884,19069,Violence,11.0,32.0,11.0,85.0,False
2024-10-14,885,22500,Transnistrie (État),15.0,39.0,21.0,82.0,False
2024-10-15,886,31608,Troisième Reich,12.0,33.0,18.0,73.0,False
2024-10-16,887,27726,Ultrason,11.0,36.0,18.0,77.0,False
2024-10-17,888,27186,Lycanthrope,16.0,33.0,17.0,62.0,False
2024-10-18,889,21443,Acte de langage,16.0,35.0,17.0,88.0,False
2024-10-19,890,15889,Douleur,8.0,22.0,8.0,53.0,True
2024-10-20,891,24888,Lisbonne,5.0,20.0,10.0,47.0,True
2024-10-21,892,22918,Biome,19.0,35.0,20.0,75.0,True
2024-10-22,893,30479,Moustique,19.0,45.0,19.0,66.0,True
2024-10-23,894,30050,Enid Blyton,18.0,45.0,11.0,67.0,True
2024-10-24,895,35505,Histoire de l'Autriche,14.0,37.0,25.0,80.0,True
2024-10-25,896,30565,Première guerre sino-japonaise,13.0,30.0,20.0,75.0,True
2024-10-26,897,18048,Code Morse international,14.0,27.0,6.0,50.0,True
2024-10-27,898,26077,Inuits,10.0,27.0,5.0,49.0,True
2024-10-28,899,25330,Aérodynamique,19.0,45.0,6.0,48.0,True
2024-10-29,900,26070,Mustafa Kemal Atatürk,13.0,37.0,19.0,75.0,True
2024-10-30,901,22409,Suite des protocoles Internet,16.0,46.0,14.0,74.0,True
2024-10-31,902,17421,Synapsida,20.0,49.0,5.0,60.0,True
2024-11-01,903,15715,Levier (mécanique),12.0,22.0,5.0,52.0,True
2024-11-02,904,17359,Croissance économique,8.0,25.0,10.0,50.0,True
2024-11-03,905,17092,Pornographie,11.0,31.0,7.0,45.0,True
2024-11-04,906,22296,Ukiyo-e,11.0,36.0,17.0,63.0,True
2024-11-05,907,26538,Manta (genre),15.0,37.0,13.0,55.0,False
2024-11-06,908,31189,Clint Eastwood,13.0,29.0,16.0,48.0,False
2024-11-07,909,32547,Séville,10.0,22.0,17.0,63.0,False
2024-11-08,910,21903,Transport par câble,15.0,31.0,13.0,54.0,False
2024-11-09,911,17850,Edgar Allan Poe,8.0,24.0,10.0,38.0,False
2024-11-10,912,21949,Gabon,6.0,21.0,6.0,43.0,False
2024-11-11,913,22070,Rhétorique,12.0,25.0,10.0,46.0,False
2024-11-12,914,29815,Siamois (chat),10.0,32.0,11.0,46.0,False
2024-11-13,915,31985,Héraclès,16.0,45.0,14.0,58.0,False
2024-11-14,916,32113,George Lucas,17.0,38.0,20.0,77.0,False
2024-11-15,917,27990,Charles XIV Jean,13.0,29.0,16.0,76.0,False
2024-11-16,918,15632,Domesticité,13.0,29.0,6.0,44.0,False
2024-11-17,919,24037,Gaz noble,9.0,29.0,9.0,49.0,False
2024-11-18,920,32001,Soufre,15.0,41.0,16.0,51.0,False
2024-11-19,921,35755,San Diego,13.0,24.0,20.0,65.0,False
2024-11-20,922,34389,Pomme,15.0,43.0,21.0,68.0,False
2024-11-21,923,26791,Carl Gustav Jung,15.0,38.0,22.0,59.0,False
2024-11-22,924,23392,Hannibal Barca,20.0,41.0,20.0,75.0,False
2024-11-23,925,21358,"2001, l'Odyssée de l'espace",12.0,18.0,7.0,48.0,False
2024-11-24,926,21060,Panthéisme,8.0,26.0,7.0,43.0,False
2024-11-25,927,23968,Déformation élastique,22.0,60.0,23.0,81.0,False
2024-11-26,928,24705,Blanc,17.0,61.0,25.0,81.0,False
2024-11-27,929,27755,Apiculture,17.0,47.0,18.0,61.0,False
2024-11-28,930,30785,Metropolitan Museum of Art,12.0,37.0,19.0,52.0,False
2024-11-29,931,21541,Holodomor,14.0,42.0,21.0,69.0,False
2024-11-30,932,16807,Astrologie,13.0,22.0,0.0,41.0,False
2024-12-01,933,23838,Économie de l'Union européenne,10.0,21.0,8.0,43.0,False
2024-12-02,934,29515,Naissance des étoiles,17.0,36.0,16.0,50.0,False
2024-12-03,935,26184,Famille Brontë,18.0,40.0,25.0,70.0,False
2024-12-04,936,27632,Appareil respiratoire,19.0,35.0,12.0,48.0,False
2024-12-05,937,28585,Pentecôte,16.0,37.0,23.0,67.0,False
2024-12-06,938,26096,Saumon,14.0,33.0,20.0,67.0,False
2024-12-07,939,15850,Cervelet,6.0,32.0,7.0,31.0,False
2024-12-08,940,24095,Prague,8.0,17.0,10.0,46.0,False
2024-12-09,941,31292,Canberra,11.0,33.0,18.0,44.0,False
2024-12-10,942,27745,Tchétchénie,18.0,39.0,15.0,52.0,False
2024-12-11,943,24567,Filtration,18.0,40.0,16.0,48.0,False
2024-12-12,944,24688,Microsoft Windows,17.0,35.0,14.0,50.0,False
2024-12-13,945,20683,Menelik II,16.0,38.0,19.0,60.0,False
2024-12-14,946,16660,Commerce en ligne,13.0,21.0,7.0,40.0,False
2024-12-15,947,15576,Épigénétique,12.0,25.0,6.0,53.0,False
2024-12-16,948,27223,Io (lune),16.0,32.0,17.0,52.0,False
2024-12-17,949,28156,Édimbourg,12.0,34.0,18.0,48.0,False
2024-12-18,950,17892,Alternance de générations,20.0,50.0,14.0,52.0,False
2024-12-19,951,28882,Vitesse,17.0,34.0,15.0,55.0,False
2024-12-20,952,20677,Théorie des probabilités,12.5,30.0,14.0,47.0,False
2024-12-21,953,16801,Diamant,7.5,30.5,10.5,47.5,True
2024-12-22,954,17905,Benazir Bhutto,10.0,29.0,7.0,58.0,True
2024-12-23,955,19493,Avalanche,9.0,34.0,6.0,55.0,True
2024-12-24,956,13323,Coordonnées polaires,10.0,26.0,7.0,38.0,True
2024-12-25,957,17260,Inflation,6.0,23.0,0.0,42.0,True
2024-12-26,958,15704,Citrus ×paradisi,8.0,28.0,7.0,34.0,True
2024-12-27,959,12887,Prédation,19.0,43.0,10.0,54.0,True
2024-12-28,960,13587,Théorèmes d'incomplétude de Gödel,9.0,28.0,6.0,45.0,True
2024-12-29,961,15735,Magie (surnaturel),11.0,22.0,0.0,51.0,True
2024-12-30,962,18699,Nicolas de Myre,11.0,27.0,5.0,41.0,True
2024-12-31,963,14993,Hajj,9.0,24.0,0.0,38.0,True
2025-01-01,964,15966,Moldavie (région historique),0.0,28.0,0.0,47.0,True
2025-01-02,965,20679,National Aeronautics and Space Administration,7.0,27.0,7.0,36.0,True
2025-01-03,966,19114,Artillerie,9.0,25.0,8.0,40.0,True
2025-01-04,967,18838,Robert Oppenheimer,5.0,23.0,0.0,28.0,True
2025-01-05,968,18583,Travailleur social,11.0,27.0,9.0,46.0,True
2025-01-06,969,25830,Camion,15.0,26.0,9.0,40.0,True
2025-01-07,970,29943,Cuba,10.0,36.0,13.0,44.0,False
2025-01-08,971,23751,Clip,12.0,37.0,12.0,54.0,False
2025-01-09,972,30263,Maladie d'Alzheimer,12.0,33.0,12.0,52.0,False
2025-01-10,973,22583,Philosophie indienne,15.0,31.0,13.0,51.0,False
2025-01-11,974,16857,Rachel Carson,9.0,21.0,0.0,33.0,False
2025-01-12,975,16518,Khazars,10.0,25.0,0.0,31.0,False
2025-01-13,976,23272,Zoroastrisme,21.0,41.0,12.0,54.0,False
2025-01-14,977,23404,Théorie de Galois,23.0,39.0,17.0,52.0,False
2025-01-15,978,29979,Gênes,18.0,37.0,14.0,62.0,False
2025-01-16,979,24312,Java (langage),13.0,36.0,13.0,42.0,False
2025-01-17,980,21748,Principe d'incertitude,16.0,33.0,10.0,55.0,False
2025-01-18,981,19974,Attaque de Pearl Harbor,8.0,18.0,6.0,35.0,False
2025-01-19,982,24971,Belgrade,7.0,23.0,0.0,36.0,False
2025-01-20,983,25587,Période Yayoi,14.0,37.0,12.0,45.0,False
2025-01-21,984,38551,Dollar américain,10.0,34.0,13.0,51.0,False
2025-01-22,985,28951,Naine blanche,15.0,35.0,14.0,53.0,False
2025-01-23,986,20879,Bilateria,25.0,41.0,9.0,50.0,False
2025-01-24,987,11205,Modernité comportementale,26.0,55.0,23.0,63.0,False
2025-01-25,988,15890,Felidae,12.0,29.0,7.0,42.0,False
2025-01-26,989,21518,Shoah,12.0,27.0,6.0,42.0,False
2025-01-27,990,22530,Coccinellidae,18.0,37.0,17.0,67.0,False
2025-01-28,991,27173,Géothermie,13.0,42.0,13.0,48.0,False
2025-01-29,992,28384,Antonio Vivaldi,10.0,29.0,20.0,57.0,False
2025-01-30,993,27981,Planète naine,12.0,29.0,11.0,59.0,False
2025-01-31,994,21609,Travail d'une force,14.0,35.0,12.0,56.0,False
2025-02-01,995,16893,Histoire des ordinateurs,8.0,18.0,9.0,39.0,False
2025-02-02,996,18204,Poulie,12.0,19.0,7.0,40.0,False
2025-02-03,997,24809,Dopage (sport),24.0,31.0,7.0,43.0,False
2025-02-04,998,24044,Morphologie (linguistique),23.0,36.0,16.0,51.0,False
2025-02-05,999,34614,Barcelone,13.0,23.0,15.0,75.0,False
2025-02-06,1000,32785,1000,17.0,29.0,17.0,77.0,False
2025-02-07,1001,26975,Jimi Hendrix,18.0,33.0,22.0,100.0,False
2025-02-08,1002,20449,Aliénor d'Aquitaine,11.0,18.0,10.0,67.0,True
2025-02-09,1003,20054,Symon Petlioura,9.0,23.0,0.0,46.0,True
2025-02-10,1004,27768,Frison (cheval),20.0,31.0,18.0,69.0,True
2025-02-11,1005,28786,Configuration électronique,20.0,29.0,15.0,72.0,True
2025-02-12,1006,36134,Montréal,11.0,31.0,20.0,82.0,True
2025-02-13,1007,36485,J. R. R. Tolkien,13.0,20.0,18.0,78.0,True
2025-02-14,1008,32245,Suède,11.0,22.0,17.0,82.0,True
2025-02-15,1009,20093,Cléopâtre VII,7.0,14.0,9.0,39.0,True
2025-02-16,1010,21279,Îles Kouriles,10.0,19.0,0.0,40.0,True
2025-02-17,1011,28746,Birman (langue),21.0,26.0,21.0,71.0,True
2025-02-18,1012,30681,Acoustique,18.0,23.0,13.0,75.0,True
2025-02-19,1013,34182,Rayon X,19.0,23.0,16.0,91.0,True
2025-02-20,1014,31056,Migraine,17.5,21.5,15.0,71.5,True
2025-02-21,1015,26544,Ganesh,14.0,21.0,20.0,83.5,True
2025-02-22,1016,17142,Malais (langue),8.0,15.0,6.0,41.0,True
2025-02-23,1017,27015,Guerres de Religion (France),4.0,14.0,6.0,35.0,True
2025-02-24,1018,29572,Vivien Leigh,11.0,16.0,14.0,67.0,True
2025-02-25,1019,31417,Guerres médiques,13.0,17.0,17.0,57.0,True
2025-02-26,1020,28168,Cinématique,13.0,21.0,12.0,46.0,True
2025-02-27,1021,35378,Boston,11.0,17.0,19.0,55.0,True
2025-02-28,1022,22819,Labyrinthe,16.0,23.0,14.0,54.0,True
2025-03-01,1023,16305,Planète mineure,12.0,12.0,6.0,33.0,True
2025-03-02,1024,18815,Traumatisme majeur,9.0,12.0,7.0,40.0,True
2025-03-03,1025,29703,Placenta,20.0,25.0,11.0,56.0,True
2025-03-04,1026,29015,Rosa Parks,13.0,18.0,15.0,57.0,True
2025-03-05,1027,32270,Échecs,13.0,19.0,10.0,57.0,True
2025-03-06,1028,27381,Genévrier,19.0,24.0,8.0,46.0,True
2025-03-07,1029,23719,Handicap mental,14.0,21.0,13.0,60.0,True
2025-03-08,1030,19381,Autoroute,7.0,9.0,6.0,33.0,True
2025-03-09,1031,27531,Jean-Jacques Rousseau,4.0,10.0,7.0,39.0,True
2025-03-10,1032,26136,Système d'unités de Planck,16.0,24.0,14.0,57.0,True
2025-03-11,1033,34695,Magnésium,15.0,22.0,15.0,67.0,False
2025-03-12,1034,34110,Chimie nucléaire,13.0,21.0,16.0,63.0,False
2025-03-13,1035,35241,Guerre anglo-américaine de 1812,12.0,10.0,16.0,67.0,False
2025-03-14,1036,30037,Albert Camus,12.0,17.0,16.0,68.0,False
2025-03-15,1037,18881,Accord (musique),8.0,14.0,6.0,54.0,False
2025-03-16,1038,24188,Hippopotamus amphibius,6.0,12.0,6.0,48.0,False
2025-03-17,1039,32448,Charles Dickens,15.0,18.0,12.0,52.0,False
2025-03-18,1040,21553,Dinophyta,18.0,26.0,18.0,68.0,False
2025-03-19,1041,31813,Cerf élaphe,20.0,25.0,19.0,68.0,False
2025-03-20,1042,28835,Hallucination,19.0,25.0,14.0,71.0,False
2025-03-21,1043,23600,Guillaume Ier d'Orange-Nassau,15.0,24.0,14.0,78.0,False
2025-03-22,1044,16881,Suse (Iran),8.0,13.0,9.0,49.0,False
2025-03-23,1045,24374,Parc zoologique,7.0,10.0,4.0,49.0,False
2025-03-24,1046,29948,Vanille,15.0,26.0,13.0,58.0,False
2025-03-25,1047,28936,Microéconomie,20.0,22.0,21.0,94.0,False
2025-03-26,1048,32842,Vallée du Grand Rift,17.0,22.0,21.0,94.0,False
2025-03-27,1049,29372,Rosier,21.0,24.0,22.0,99.0,False
2025-03-28,1050,28104,Pelote basque,17.0,18.0,13.0,77.0,False
2025-03-29,1051,18059,Produit scalaire,11.0,14.0,9.0,61.0,False
2025-03-30,1052,23606,Mouvement américain des droits civiques,11.0,9.0,6.0,38.0,False
2025-03-31,1053,29267,Civilisation minoenne,15.0,24.0,17.0,83.0,False
2025-04-01,1054,26223,Canular,23.0,28.0,15.0,70.0,False
2025-04-02,1055,35794,Marrakech,12.0,18.0,16.0,100.0,False
2025-04-03,1056,29112,Boson,15.0,22.0,18.0,84.0,False
2025-04-04,1057,25597,Facebook,16.0,20.0,15.0,80.0,False
2025-04-05,1058,15280,Dynastie Jin (265-420),6.0,10.0,8.0,48.0,True
2025-04-06,1059,18846,Pétrarque,5.0,11.0,6.0,43.0,True
2025-04-07,1060,24810,Utilitarisme,15.0,19.0,12.0,53.0,True
2025-04-08,1061,34552,Abidjan,10.0,12.0,18.0,70.0,True
2025-04-09,1062,33382,Halloween,9.0,15.0,12.0,52.0,True
2025-04-10,1063,33268,Hergé,7.0,15.0,13.0,61.0,True
2025-04-11,1064,27887,Commune de Paris,12.0,16.0,15.0,65.0,True
2025-04-12,1065,16082,Anorexie mentale,9.0,11.0,4.0,35.0,True
2025-04-13,1066,23952,Révolution,5.0,13.0,6.0,32.0,True
2025-04-14,1067,36096,Amsterdam,9.0,9.0,8.0,46.0,True
2025-04-15,1068,28498,Réseau social,10.0,19.0,14.0,51.0,True
2025-04-16,1069,32222,Badminton,13.0,17.0,8.0,41.0,True
2025-04-17,1070,26261,Tique,15.0,23.0,12.0,63.0,True
2025-04-18,1071,23593,Histoire du Nigeria,14.0,22.0,11.0,59.0,True
2025-04-19,1072,18911,Guerre de Troie,7.0,9.0,8.0,44.0,True
2025-04-20,1073,16815,Décibel,8.0,14.0,8.0,44.0,True
2025-04-21,1074,21204,Société civile,9.0,12.0,7.0,32.0,True
2025-04-22,1075,30550,Crise financière mondiale de 2007-2008,8.0,18.0,13.0,55.0,True
2025-04-23,1076,30423,Beagle,8.0,17.0,13.0,57.0,True
2025-04-24,1077,24253,Famille Rothschild,15.0,19.0,11.0,55.0,True
2025-04-25,1078,18116,Benzodiazépine,15.0,19.0,16.0,72.0,True
2025-04-26,1079,18402,Parc national de Yosemite,5.0,10.0,7.0,35.0,True
2025-04-27,1080,21904,Hongrois,9.0,11.0,0.0,32.0,True
2025-04-28,1081,30835,Loutre de mer,12.0,19.0,11.0,48.0,True
2025-04-29,1082,29913,Allaitement maternel,10.0,19.0,10.0,48.0,False
2025-04-30,1083,25665,Apple,10.0,14.0,10.0,49.0,False
2025-05-01,1084,21657,Vésuve,4.0,7.0,0.0,26.0,False
2025-05-02,1085,19277,Lipide,10.0,17.0,6.0,36.0,False
2025-05-03,1086,20634,Séoul,5.0,10.0,5.0,30.0,False
2025-05-04,1087,16670,Visualisation de données,14.0,14.0,5.0,28.0,False
2025-05-05,1088,30136,Superman,11.0,17.0,20.0,87.0,False
2025-05-06,1089,26498,Époque hellénistique,11.0,16.0,15.0,72.0,False
2025-05-07,1090,24858,Communauté des États indépendants,12.0,14.0,12.0,60.0,False
2025-05-08,1091,23624,Clarinette,5.0,10.0,7.0,34.0,False
2025-05-09,1092,21514,Art japonais,9.0,10.0,10.0,49.0,False
2025-05-10,1093,14473,Espérance mathématique,9.0,15.0,5.0,29.0,False
2025-05-11,1094,18132,Calcul des variations,9.0,12.0,5.0,33.0,False
2025-05-12,1095,28013,Restaurant,10.0,19.0,10.0,49.0,False
2025-05-13,1096,23519,Mohammad Reza Pahlavi,11.0,15.0,11.0,47.0,False
2025-05-14,1097,22812,Franc-maçonnerie,14.0,19.0,11.0,47.0,False
2025-05-15,1098,24333,Ambre,12.0,17.0,11.0,46.0,False
2025-05-16,1099,24177,Western,10.0,14.0,17.0,50.0,False
2025-05-17,1100,13735,William Hogarth,8.0,9.0,4.0,31.0,False
2025-05-18,1101,22700,Albanie,4.0,7.0,9.0,28.0,False
2025-05-19,1102,30198,Mouton,7.0,14.0,10.0,42.0,False
2025-05-20,1103,24301,Augustin d'Hippone,15.5,19.0,17.5,68.5,False
2025-05-21,1104,28097,Orénoque,13.5,19.5,17.0,78.0,False
2025-05-22,1105,28733,Dérivée,15.0,29.0,15.0,76.0,False
2025-05-23,1106,23762,Taekwondo,24.0,25.0,24.0,87.0,False
2025-05-24,1107,16975,Lynx,0.0,17.0,9.0,48.0,False
2025-05-25,1108,23092,Néerlandais,8.0,17.0,9.0,59.0,False
2025-05-26,1109,29705,Marilyn Monroe,17.0,21.0,21.0,71.0,False
2025-05-27,1110,23024,Gestion des déchets,31.0,34.0,14.0,82.0,False
2025-05-28,1111,22383,Akkadien,23.0,25.0,18.0,84.0,False
2025-05-29,1112,14983,Thoutmôsis Ier,11.0,19.0,8.0,53.0,False
2025-05-30,1113,16186,Pessa'h,17.0,26.0,8.0,54.0,False
2025-05-31,1114,14144,République de Sakha,17.0,20.0,0.0,39.0,False
2025-06-01,1115,15113,Comportementalisme,13.0,19.0,0.0,42.0,False
2025-06-02,1116,26182,Histoire de l'Irak,19.0,30.0,25.0,58.0,False
2025-06-03,1117,26677,Art déco,14.0,24.0,21.0,88.0,False
2025-06-04,1118,27829,Apollon,17.0,27.0,12.0,87.0,False
2025-06-05,1119,23602,Nô,16.0,34.0,17.0,76.0,False
2025-06-06,1120,22037,Donald Duck,16.0,25.0,12.0,67.0,False
2025-06-07,1121,14218,Sagrada Família,10.0,19.0,8.0,51.0,False
2025-06-08,1122,18133,Musée d'Orsay,8.0,12.0,8.0,53.0,False
2025-06-09,1123,22461,Bamako,0.0,14.0,10.0,50.0,False
2025-06-10,1124,20253,Condensat de Bose-Einstein,18.0,31.0,14.0,48.0,False
2025-06-11,1125,23541,Escargot,22.0,30.0,15.0,49.0,False
2025-06-12,1126,22584,Équation différentielle ordinaire,19.0,33.0,12.0,62.0,False
2025-06-13,1127,18805,Performance (art),23.0,34.0,15.0,54.0,False
2025-06-14,1128,12371,Code génétique,8.0,19.0,0.0,31.0,False
2025-06-15,1129,20547,Washington (district de Columbia),9.0,19.0,9.0,44.0,False
2025-06-16,1130,12509,Capétiens,18.0,22.0,15.0,67.0,False
2025-06-17,1131,21941,Pinatubo,16.0,25.0,18.0,59.0,False
2025-06-18,1132,23188,Synagogue,15.0,30.0,12.0,58.0,False
2025-06-19,1133,27000,Bloc de l'Est,15.0,29.0,13.0,72.0,False
2025-06-20,1134,22826,Art roman,16.0,37.0,10.0,72.0,False
2025-06-21,1135,14721,Marche à pied,10.0,16.0,9.0,41.0,False
2025-06-22,1136,14711,Siphonaptera,12.0,21.0,7.0,41.0,False
2025-06-23,1137,22033,Périclès,15.0,33.0,15.0,67.0,False
2025-06-24,1138,19366,Palais de Dioclétien,21.0,36.0,16.0,65.0,False
2025-06-25,1139,21054,El Niño,15.0,25.0,13.0,63.0,False
2025-06-26,1140,20364,Cigarette,16.0,39.0,11.0,61.0,False
2025-06-27,1141,18181,Leif Erikson,21.0,33.0,11.0,63.0,False
2025-06-28,1142,7688,Dynastie Hồng Bàng,10.0,26.0,7.0,44.0,False
2025-06-29,1143,16859,Barbe Noire,11.0,17.0,9.0,32.0,False
2025-06-30,1144,19032,Polymère,19.0,31.0,16.0,48.0,False
2025-07-01,1145,27513,Togo,11.0,22.0,8.0,44.0,False
2025-07-02,1146,22832,Snowboard,16.0,23.0,18.0,56.0,False
2025-07-03,1147,17964,Réfraction,17.0,30.0,17.0,62.0,False
2025-07-04,1148,19433,George Orwell,10.0,28.0,15.0,51.0,False
2025-07-05,1149,13884,Chlorure de sodium,10.0,15.0,0.0,35.0,True
2025-07-06,1150,20229,Basques,9.0,14.0,8.0,42.0,True
2025-07-07,1151,18351,Nicolae Ceaușescu,12.0,20.0,12.0,52.0,True
2025-07-08,1152,19975,Recensement de la population,25.0,22.0,12.0,49.0,True
2025-07-09,1153,23637,George III,12.0,22.0,10.0,57.0,True
2025-07-10,1154,18695,Type spectral,15.0,27.0,12.0,50.0,True
2025-07-11,1155,23505,Pérou,8.0,23.0,14.0,59.0,True
2025-07-12,1156,13751,New Deal,8.0,21.0,9.0,51.0,True
2025-07-13,1157,13850,Acide gras,11.0,12.0,8.0,36.0,True
2025-07-14,1158,17249,Amerigo Vespucci,0.0,10.0,8.0,37.0,True
2025-07-15,1159,21576,Rio Madeira,8.0,25.0,9.0,42.0,True
2025-07-16,1160,22632,Rosée,15.0,26.0,13.0,56.0,True
2025-07-17,1161,26421,Toulouse,13.0,19.0,13.0,60.0,True
2025-07-18,1162,22926,Empire allemand,13.0,26.0,11.0,53.0,True
2025-07-19,1163,12523,Civilisation mycénienne,14.0,20.0,9.0,53.0,True
2025-07-20,1164,14137,Guerre des Deux-Roses,0.0,21.0,10.0,46.0,True
2025-07-21,1165,18652,Mystique,22.0,34.0,12.0,41.0,True
2025-07-22,1166,24290,Sierra Nevada (États-Unis),17.0,29.0,9.0,53.0,True
2025-07-23,1167,22749,Végétarisme,13.0,28.0,10.0,46.0,True
2025-07-24,1168,18799,Ole Einar Bjørndalen,17.0,28.0,13.0,62.0,True
2025-07-25,1169,16816,Mittani,14.0,31.0,13.0,61.0,True
2025-07-26,1170,16110,Kinshasa,8.0,19.0,9.0,22.0,True
2025-07-27,1171,16924,Safran (épice),11.0,13.0,7.0,50.0,True
2025-07-28,1172,22654,Printemps arabe,9.0,22.0,14.0,57.0,True
2025-07-29,1173,24949,Honoré de Balzac,13.0,19.0,13.0,53.0,True
2025-07-30,1174,23806,Œuf (aliment),10.0,30.0,15.0,54.0,True
2025-07-31,1175,20377,Babylone (civilisation),7.0,29.0,10.0,53.0,True
2025-08-01,1176,23321,Dallas,7.0,28.0,13.0,56.0,True
2025-08-02,1177,12521,Espace euclidien,9.0,26.0,0.0,40.0,True
2025-08-03,1178,14601,Muhammad Ali Jinnah,7.0,20.0,0.0,45.0,True
2025-08-04,1179,17864,Indice de réfraction,25.0,25.0,15.0,51.0,True
2025-08-05,1180,23267,Guernica (Picasso),12.0,21.0,10.0,49.0,True
2025-08-06,1181,20375,Capacité thermique,8.0,29.0,8.0,47.0,True
2025-08-07,1182,16903,Manuel Ier Comnène,16.0,21.0,19.0,63.0,True
2025-08-08,1183,16743,Tenzin Gyatso,0.0,28.0,14.0,61.0,True
2025-08-09,1184,12140,Décalage vers le rouge,10.0,22.0,9.0,45.0,True
2025-08-10,1185,18896,Ontario,7.0,25.0,0.0,42.0,True
2025-08-11,1186,21244,Chute de Constantinople,8.0,20.0,13.0,57.0,True
2025-08-12,1187,19491,Période des Royaumes combattants,15.0,23.0,9.0,61.0,True
2025-08-13,1188,20210,Bonobo,17.0,28.0,10.0,50.0,True
2025-08-14,1189,19984,Ordre du Temple,12.0,33.0,12.0,55.0,True
2025-08-15,1190,12724,Région HII,10.0,23.0,7.0,54.0,True
2025-08-16,1191,19698,Corée du Nord,15.0,15.0,0.0,32.0,True
2025-08-17,1192,15422,Point de Lagrange,11.5,21.0,6.0,34.5,True
2025-08-18,1193,22676,Mérovingiens,11.0,20.0,10.0,45.5,True
2025-08-19,1194,25102,Région wallonne,5.0,14.0,9.0,25.0,True
2025-08-20,1195,27235,Bulgarie,8.0,16.0,11.0,38.0,True
2025-08-21,1196,27282,Rhin,7.0,13.0,7.0,37.0,True
2025-08-22,1197,22419,Histoire de l'Écosse,6.0,17.0,0.0,30.0,True
2025-08-23,1198,15711,Fantôme,4.0,17.0,0.0,24.0,True
2025-08-24,1199,18398,Curitiba,5.0,14.0,5.0,34.0,True
2025-08-25,1200,24629,Mammouth,9.0,18.0,6.0,39.0,True
2025-08-26,1201,21330,Halogène,15.0,30.0,6.0,33.0,True
2025-08-27,1202,22393,Espace vectoriel,14.0,16.0,9.0,37.0,True
2025-08-28,1203,25451,Révolution russe,5.0,17.0,12.0,45.0,True
2025-08-29,1204,15414,Polarisation (optique),9.0,24.0,10.0,54.0,True
2025-08-30,1205,12541,Élam,8.0,17.0,6.0,29.0,True
2025-08-31,1206,17954,Moyenne,10.0,15.0,4.0,31.0,True
2025-09-01,1207,21314,Sanskrit,12.0,18.0,7.0,34.0,True
2025-09-02,1208,21309,Ninive,10.0,16.0,7.0,45.0,False
2025-09-03,1209,22193,Uruk,12.0,16.0,11.0,41.0,False
2025-09-04,1210,21698,Cuirassé,14.0,21.0,8.0,41.0,False
2025-09-05,1211,18026,Biocarburant,13.0,22.0,8.0,36.0,False
2025-09-06,1212,14767,Jus,5.0,12.0,0.0,32.0,False
2025-09-07,1213,16402,Yiddish,10.0,13.0,8.0,35.0,False
2025-09-08,1214,24543,Printemps de Prague,11.0,18.0,9.0,39.0,False
2025-09-09,1215,27009,Metal,10.0,20.0,8.0,40.0,False
2025-09-10,1216,20912,Yohannes IV,12.0,23.0,10.0,39.0,False
2025-09-11,1217,23012,Bicarbonate de sodium,8.0,23.0,14.0,65.0,False
2025-09-12,1218,15962,Mèdes,9.0,22.0,11.0,53.0,False
2025-09-13,1219,11219,Joaquim Maria Machado de Assis,8.0,15.0,8.0,32.0,False
2025-09-14,1220,17209,Empathie,6.0,13.0,5.0,25.0,False
2025-09-15,1221,30229,Finlande,11.0,18.0,17.0,51.0,False
2025-09-16,1222,27432,Royaume du Kongo,12.0,20.0,17.0,59.0,False
2025-09-17,1223,25391,Grand Bond en avant,14.0,21.0,14.0,60.0,False
2025-09-18,1224,30152,Kiev,11.0,14.0,16.0,47.0,False
2025-09-19,1225,24388,Vin,11.0,19.0,15.0,52.0,False
2025-09-20,1226,11148,Économétrie,8.0,15.0,7.0,32.0,False
2025-09-21,1227,23705,Lyon,0.0,9.0,6.0,32.0,False
2025-09-22,1228,28498,Unification allemande,13.0,20.0,14.0,48.0,False
2025-09-23,1229,34479,Naples,10.0,20.0,11.0,42.0,False
2025-09-24,1230,28492,Moineau domestique,16.0,15.0,16.0,63.0,False
2025-09-25,1231,29293,Cleveland,12.0,24.0,19.0,66.0,False
2025-09-26,1232,22683,Pierre Ier (empereur du Brésil),11.0,19.0,21.0,79.0,False
2025-09-27,1233,15951,Vénus de Milo,0.0,12.0,8.0,41.0,False
2025-09-28,1234,16159,Sylviculture,8.0,15.0,8.0,33.0,False
2025-09-29,1235,28762,Otto von Bismarck,17.0,18.0,17.0,46.0,False
2025-09-30,1236,35032,Le Cap,14.0,22.0,21.0,71.0,False
2025-10-01,1237,30379,Championnat d'Angleterre de football,13.0,19.0,28.0,76.0,False
2025-10-02,1238,33205,Henri II (roi d'Angleterre),11.0,17.0,22.0,65.0,False
2025-10-03,1239,30342,François Ier (roi de France),6.0,18.0,27.0,89.0,False
2025-10-04,1240,17386,Apartheid,4.0,13.0,5.0,45.0,False
2025-10-05,1241,19882,Organisation de coopération et de développement économiques,8.0,12.0,5.0,39.0,False
2025-10-06,1242,28875,Souris (informatique),19.0,23.0,21.0,72.0,False
2025-10-07,1243,27601,Graffiti,22.0,32.0,24.0,77.0,False
2025-10-08,1244,32694,Maladie de Lyme,23.0,29.0,21.0,86.0,False
2025-10-09,1245,33090,Chlore,16.0,24.0,17.0,71.0,False
2025-10-10,1246,22612,Edmund Hillary,18.0,25.0,27.0,86.0,False
2025-10-11,1247,15113,Alces alces,10.0,15.0,12.0,29.0,False
2025-10-12,1248,23952,Basket-ball,0.0,12.0,9.0,32.0,False
2025-10-13,1249,38966,Nombre d'or,11.0,18.0,24.0,69.0,False
2025-10-14,1250,33644,Muay-thaï,14.0,26.0,21.0,70.0,False
2025-10-15,1251,32707,Braille,12.0,26.0,28.0,86.0,False
2025-10-16,1252,32096,Loi binomiale,18.0,30.0,21.0,74.0,False
2025-10-17,1253,29711,Tennis de table,16.0,20.0,27.0,86.0,False
2025-10-18,1254,20194,Islande,10.0,8.0,13.0,40.0,True
2025-10-19,1255,22071,Sionisme,5.0,16.0,9.0,37.0,True
2025-10-20,1256,27140,Petite Ourse,20.0,26.0,20.0,72.0,True
2025-10-21,1257,34145,Escalade,15.0,24.0,26.0,88.0,True
2025-10-22,1258,30353,Soin infirmier,20.0,26.0,24.0,95.0,True
2025-10-23,1259,28447,Réseau électrique,22.0,28.0,26.0,90.0,True
2025-10-24,1260,22859,Diode électroluminescente,16.0,23.0,24.0,83.0,True
2025-10-25,1261,18257,Météorologie,9.0,12.0,11.0,41.0,True
2025-10-26,1262,21762,Tango (danse),8.0,12.0,10.0,59.0,True
2025-10-27,1263,21397,Lentinula edodes,16.0,27.0,13.0,57.0,True
2025-10-28,1264,30066,Achille,11.0,22.0,13.0,52.0,True
2025-10-29,1265,25995,Révolution verte,11.0,20.0,16.0,45.0,True
2025-10-30,1266,21784,Chloroplaste,13.0,25.0,14.0,70.0,True
2025-10-31,1267,21153,Histoire de la sociologie,15.0,27.0,14.0,58.0,True
2025-11-01,1268,14370,Noam Chomsky,18.0,19.0,9.0,44.0,True
2025-11-02,1269,20897,Exponentielle de base a,6.0,14.0,10.0,42.0,True
2025-11-03,1270,31631,Flûte traversière,15.0,22.0,35.0,99.0,True
2025-11-04,1271,33282,Premier Empire bulgare,16.0,23.0,31.0,95.0,False
2025-11-05,1272,36303,Violon,13.0,19.0,30.0,95.0,False
2025-11-06,1273,38471,Fée,16.0,24.0,27.0,90.0,False
2025-11-07,1274,23664,Urartu,21.0,28.0,21.0,86.0,False
2025-11-08,1275,14610,Chiffrement,11.0,22.0,13.0,43.0,False
